datetime,duration,wavfilepath,sampling_rate,npts,traceNum,traceID,fixedID,quality_factor,snr,highval,lowval
2004-09-02 15:41:46.931000,WAV/ASNE_/2004/09/2004-09-02-1541-46S.ASNE__008,  55.000,100,  5500,00,MV.MGHZ.--.SHZ,MV.MGHZ.--.SHZ,1,1.77,325.54,183.86
2004-09-02 15:41:46.931000,WAV/ASNE_/2004/09/2004-09-02-1541-46S.ASNE__008,  55.000,100,  5500,01,MV.MJHT.--.SHZ,MV.MJHT.--.SHZ,1,4.66,294.23,63.09
2004-09-02 15:41:46.931000,WAV/ASNE_/2004/09/2004-09-02-1541-46S.ASNE__008,  55.000,100,  5500,02,MV.MLGT.--.SHZ,MV.MLGT.--.SHZ,1,1.46,1774.08,1217.88
2004-09-02 15:41:46.931000,WAV/ASNE_/2004/09/2004-09-02-1541-46S.ASNE__008,  55.000,100,  5500,03,MV.MLYT.--.SHZ,MV.MLYT.--.SHZ,1,2.05,240.27,117.47
2004-09-02 15:41:46.931000,WAV/ASNE_/2004/09/2004-09-02-1541-46S.ASNE__008,  55.000,100,  5500,04,MV.MRYT.--.SHZ,MV.MRYT.--.SHZ,1,1.41,2789.76,1981.15
2004-09-02 15:41:46.931000,WAV/ASNE_/2004/09/2004-09-02-1541-46S.ASNE__008,  55.000,100,  5500,05,MV.MWHE.--.SHE,MV.MWHE.--.SHE,1,1.65,16.41,9.98
2004-09-02 15:41:46.931000,WAV/ASNE_/2004/09/2004-09-02-1541-46S.ASNE__008,  55.000,100,  5500,06,MV.MWHN.--.SHN,MV.MWHN.--.SHN,1,9.11,803.11,88.18
2004-09-02 15:41:46.931000,WAV/ASNE_/2004/09/2004-09-02-1541-46S.ASNE__008,  55.000,100,  5500,07,MV.MWHZ.--.SHZ,MV.MWHZ.--.SHZ,1,1.54,54.88,35.65
2004-09-03 17:41:47.132999,WAV/ASNE_/2004/09/2004-09-03-1741-47S.ASNE__008,  56.000,100,  5600,00,MV.MGHZ.--.SHZ,MV.MGHZ.--.SHZ,1,2.04,215.52,105.74
2004-09-03 17:41:47.132999,WAV/ASNE_/2004/09/2004-09-03-1741-47S.ASNE__008,  56.000,100,  5600,01,MV.MJHT.--.SHZ,MV.MJHT.--.SHZ,1,2.14,412.83,192.84
2004-09-03 17:41:47.132999,WAV/ASNE_/2004/09/2004-09-03-1741-47S.ASNE__008,  56.000,100,  5600,02,MV.MLGT.--.SHZ,MV.MLGT.--.SHZ,1,1.50,1763.30,1178.83
2004-09-03 17:41:47.132999,WAV/ASNE_/2004/09/2004-09-03-1741-47S.ASNE__008,  56.000,100,  5600,03,MV.MLYT.--.SHZ,MV.MLYT.--.SHZ,1,2.29,195.86,85.36
2004-09-03 17:41:47.132999,WAV/ASNE_/2004/09/2004-09-03-1741-47S.ASNE__008,  56.000,100,  5600,04,MV.MRYT.--.SHZ,MV.MRYT.--.SHZ,1,1.40,2660.28,1894.05
2004-09-03 17:41:47.132999,WAV/ASNE_/2004/09/2004-09-03-1741-47S.ASNE__008,  56.000,100,  5600,05,MV.MWHE.--.SHE,MV.MWHE.--.SHE,1,1.92,17.22,8.98
2004-09-03 17:41:47.132999,WAV/ASNE_/2004/09/2004-09-03-1741-47S.ASNE__008,  56.000,100,  5600,06,MV.MWHN.--.SHN,MV.MWHN.--.SHN,1,6.52,811.81,124.48
2004-09-03 17:41:47.132999,WAV/ASNE_/2004/09/2004-09-03-1741-47S.ASNE__008,  56.000,100,  5600,07,MV.MWHZ.--.SHZ,MV.MWHZ.--.SHZ,1,2.76,144.43,52.40
2004-09-03 20:00:37.014000,WAV/ASNE_/2004/09/2004-09-03-2000-37S.ASNE__008, 124.000,100, 12400,00,MV.MGHZ.--.SHZ,MV.MGHZ.--.SHZ,1,2.04,487.86,239.24
2004-09-03 20:00:37.014000,WAV/ASNE_/2004/09/2004-09-03-2000-37S.ASNE__008, 124.000,100, 12400,01,MV.MJHT.--.SHZ,MV.MJHT.--.SHZ,1,2.12,978.90,460.98
2004-09-03 20:00:37.014000,WAV/ASNE_/2004/09/2004-09-03-2000-37S.ASNE__008, 124.000,100, 12400,02,MV.MLGT.--.SHZ,MV.MLGT.--.SHZ,1,1.39,1774.84,1279.08
2004-09-03 20:00:37.014000,WAV/ASNE_/2004/09/2004-09-03-2000-37S.ASNE__008, 124.000,100, 12400,03,MV.MLYT.--.SHZ,MV.MLYT.--.SHZ,1,2.11,215.32,101.94
2004-09-03 20:00:37.014000,WAV/ASNE_/2004/09/2004-09-03-2000-37S.ASNE__008, 124.000,100, 12400,04,MV.MRYT.--.SHZ,MV.MRYT.--.SHZ,1,1.50,2710.71,1806.75
2004-09-03 20:00:37.014000,WAV/ASNE_/2004/09/2004-09-03-2000-37S.ASNE__008, 124.000,100, 12400,05,MV.MWHE.--.SHE,MV.MWHE.--.SHE,1,2.01,24.17,12.01
2004-09-03 20:00:37.014000,WAV/ASNE_/2004/09/2004-09-03-2000-37S.ASNE__008, 124.000,100, 12400,06,MV.MWHN.--.SHN,MV.MWHN.--.SHN,1,4.83,403.82,83.63
2004-09-03 20:00:37.014000,WAV/ASNE_/2004/09/2004-09-03-2000-37S.ASNE__008, 124.000,100, 12400,07,MV.MWHZ.--.SHZ,MV.MWHZ.--.SHZ,1,2.34,242.34,103.76
2004-09-04 01:59:43.536000,WAV/ASNE_/2004/09/2004-09-04-0159-43S.ASNE__008,  24.000,100,  2400,00,MV.MGHZ.--.SHZ,MV.MGHZ.--.SHZ,1,2.45,180.00,73.38
2004-09-04 01:59:43.536000,WAV/ASNE_/2004/09/2004-09-04-0159-43S.ASNE__008,  24.000,100,  2400,01,MV.MJHT.--.SHZ,MV.MJHT.--.SHZ,1,4.99,264.72,53.08
2004-09-04 01:59:43.536000,WAV/ASNE_/2004/09/2004-09-04-0159-43S.ASNE__008,  24.000,100,  2400,02,MV.MLGT.--.SHZ,MV.MLGT.--.SHZ,1,1.32,1682.63,1276.84
2004-09-04 01:59:43.536000,WAV/ASNE_/2004/09/2004-09-04-0159-43S.ASNE__008,  24.000,100,  2400,03,MV.MLYT.--.SHZ,MV.MLYT.--.SHZ,1,3.60,130.16,36.13
2004-09-04 01:59:43.536000,WAV/ASNE_/2004/09/2004-09-04-0159-43S.ASNE__008,  24.000,100,  2400,04,MV.MRYT.--.SHZ,MV.MRYT.--.SHZ,1,1.24,2555.29,2057.32
2004-09-04 01:59:43.536000,WAV/ASNE_/2004/09/2004-09-04-0159-43S.ASNE__008,  24.000,100,  2400,05,MV.MWHE.--.SHE,MV.MWHE.--.SHE,1,6.55,57.26,8.74
2004-09-04 01:59:43.536000,WAV/ASNE_/2004/09/2004-09-04-0159-43S.ASNE__008,  24.000,100,  2400,06,MV.MWHN.--.SHN,MV.MWHN.--.SHN,1,2.53,366.27,144.60
2004-09-04 01:59:43.536000,WAV/ASNE_/2004/09/2004-09-04-0159-43S.ASNE__008,  24.000,100,  2400,07,MV.MWHZ.--.SHZ,MV.MWHZ.--.SHZ,1,11.41,321.41,28.16
2004-09-04 05:30:46.319999,WAV/ASNE_/2004/09/2004-09-04-0530-46S.ASNE__008,  34.000,100,  3400,00,MV.MGHZ.--.SHZ,MV.MGHZ.--.SHZ,1,1.47,1496.67,1018.16
2004-09-04 05:30:46.319999,WAV/ASNE_/2004/09/2004-09-04-0530-46S.ASNE__008,  34.000,100,  3400,01,MV.MJHT.--.SHZ,MV.MJHT.--.SHZ,1,4.98,330.90,66.48
2004-09-04 05:30:46.319999,WAV/ASNE_/2004/09/2004-09-04-0530-46S.ASNE__008,  34.000,100,  3400,02,MV.MLGT.--.SHZ,MV.MLGT.--.SHZ,1,1.47,1841.10,1250.74
2004-09-04 05:30:46.319999,WAV/ASNE_/2004/09/2004-09-04-0530-46S.ASNE__008,  34.000,100,  3400,03,MV.MLYT.--.SHZ,MV.MLYT.--.SHZ,1,1.58,471.76,298.80
2004-09-04 05:30:46.319999,WAV/ASNE_/2004/09/2004-09-04-0530-46S.ASNE__008,  34.000,100,  3400,04,MV.MRYT.--.SHZ,MV.MRYT.--.SHZ,1,1.44,2645.35,1833.66
2004-09-04 05:30:46.319999,WAV/ASNE_/2004/09/2004-09-04-0530-46S.ASNE__008,  34.000,100,  3400,05,MV.MWHE.--.SHE,MV.MWHE.--.SHE,1,1.68,15.33,9.12
2004-09-04 05:30:46.319999,WAV/ASNE_/2004/09/2004-09-04-0530-46S.ASNE__008,  34.000,100,  3400,06,MV.MWHN.--.SHN,MV.MWHN.--.SHN,1,3.22,344.25,106.87
2004-09-04 05:30:46.319999,WAV/ASNE_/2004/09/2004-09-04-0530-46S.ASNE__008,  34.000,100,  3400,07,MV.MWHZ.--.SHZ,MV.MWHZ.--.SHZ,1,2.05,115.90,56.56
2004-09-04 05:55:58.935000,WAV/ASNE_/2004/09/2004-09-04-0555-58S.ASNE__008,  25.000,100,  2500,00,MV.MGHZ.--.SHZ,MV.MGHZ.--.SHZ,1,2.27,497.10,218.67
2004-09-04 05:55:58.935000,WAV/ASNE_/2004/09/2004-09-04-0555-58S.ASNE__008,  25.000,100,  2500,01,MV.MJHT.--.SHZ,MV.MJHT.--.SHZ,1,4.34,249.11,57.45
2004-09-04 05:55:58.935000,WAV/ASNE_/2004/09/2004-09-04-0555-58S.ASNE__008,  25.000,100,  2500,02,MV.MLGT.--.SHZ,MV.MLGT.--.SHZ,1,1.51,1856.99,1229.59
2004-09-04 05:55:58.935000,WAV/ASNE_/2004/09/2004-09-04-0555-58S.ASNE__008,  25.000,100,  2500,03,MV.MLYT.--.SHZ,MV.MLYT.--.SHZ,1,3.03,306.44,101.03
2004-09-04 05:55:58.935000,WAV/ASNE_/2004/09/2004-09-04-0555-58S.ASNE__008,  25.000,100,  2500,04,MV.MRYT.--.SHZ,MV.MRYT.--.SHZ,1,1.38,2515.39,1817.25
2004-09-04 05:55:58.935000,WAV/ASNE_/2004/09/2004-09-04-0555-58S.ASNE__008,  25.000,100,  2500,05,MV.MWHE.--.SHE,MV.MWHE.--.SHE,1,41.53,549.90,13.24
2004-09-04 05:55:58.935000,WAV/ASNE_/2004/09/2004-09-04-0555-58S.ASNE__008,  25.000,100,  2500,06,MV.MWHN.--.SHN,MV.MWHN.--.SHN,1,6.50,1019.79,156.92
2004-09-04 05:55:58.935000,WAV/ASNE_/2004/09/2004-09-04-0555-58S.ASNE__008,  25.000,100,  2500,07,MV.MWHZ.--.SHZ,MV.MWHZ.--.SHZ,1,6.09,493.69,81.07
2004-09-04 06:45:24.180000,WAV/ASNE_/2004/09/2004-09-04-0645-24S.ASNE__008,  29.000,100,  2900,00,MV.MGHZ.--.SHZ,MV.MGHZ.--.SHZ,1,2.26,201.46,88.99
2004-09-04 06:45:24.180000,WAV/ASNE_/2004/09/2004-09-04-0645-24S.ASNE__008,  29.000,100,  2900,01,MV.MJHT.--.SHZ,MV.MJHT.--.SHZ,1,1.47,77.86,52.95
2004-09-04 06:45:24.180000,WAV/ASNE_/2004/09/2004-09-04-0645-24S.ASNE__008,  29.000,100,  2900,02,MV.MLGT.--.SHZ,MV.MLGT.--.SHZ,1,1.44,1840.53,1280.00
2004-09-04 06:45:24.180000,WAV/ASNE_/2004/09/2004-09-04-0645-24S.ASNE__008,  29.000,100,  2900,03,MV.MLYT.--.SHZ,MV.MLYT.--.SHZ,1,2.26,177.42,78.66
2004-09-04 06:45:24.180000,WAV/ASNE_/2004/09/2004-09-04-0645-24S.ASNE__008,  29.000,100,  2900,04,MV.MRYT.--.SHZ,MV.MRYT.--.SHZ,1,1.33,2574.63,1933.32
2004-09-04 06:45:24.180000,WAV/ASNE_/2004/09/2004-09-04-0645-24S.ASNE__008,  29.000,100,  2900,05,MV.MWHE.--.SHE,MV.MWHE.--.SHE,1,2.06,17.48,8.49
2004-09-04 06:45:24.180000,WAV/ASNE_/2004/09/2004-09-04-0645-24S.ASNE__008,  29.000,100,  2900,06,MV.MWHN.--.SHN,MV.MWHN.--.SHN,1,2.42,364.49,150.78
2004-09-04 06:45:24.180000,WAV/ASNE_/2004/09/2004-09-04-0645-24S.ASNE__008,  29.000,100,  2900,07,MV.MWHZ.--.SHZ,MV.MWHZ.--.SHZ,1,2.82,79.13,28.07
2004-09-04 06:48:10.138000,WAV/ASNE_/2004/09/2004-09-04-0648-10S.ASNE__008,  30.000,100,  3000,00,MV.MGHZ.--.SHZ,MV.MGHZ.--.SHZ,1,2.56,814.13,318.24
2004-09-04 06:48:10.138000,WAV/ASNE_/2004/09/2004-09-04-0648-10S.ASNE__008,  30.000,100,  3000,01,MV.MJHT.--.SHZ,MV.MJHT.--.SHZ,1,1.86,99.14,53.31
2004-09-04 06:48:10.138000,WAV/ASNE_/2004/09/2004-09-04-0648-10S.ASNE__008,  30.000,100,  3000,02,MV.MLGT.--.SHZ,MV.MLGT.--.SHZ,1,1.46,1851.06,1266.79
2004-09-04 06:48:10.138000,WAV/ASNE_/2004/09/2004-09-04-0648-10S.ASNE__008,  30.000,100,  3000,03,MV.MLYT.--.SHZ,MV.MLYT.--.SHZ,1,3.23,1173.80,363.25
2004-09-04 06:48:10.138000,WAV/ASNE_/2004/09/2004-09-04-0648-10S.ASNE__008,  30.000,100,  3000,04,MV.MRYT.--.SHZ,MV.MRYT.--.SHZ,1,1.55,2607.55,1684.50
2004-09-04 06:48:10.138000,WAV/ASNE_/2004/09/2004-09-04-0648-10S.ASNE__008,  30.000,100,  3000,05,MV.MWHE.--.SHE,MV.MWHE.--.SHE,1,2.68,23.51,8.78
2004-09-04 06:48:10.138000,WAV/ASNE_/2004/09/2004-09-04-0648-10S.ASNE__008,  30.000,100,  3000,06,MV.MWHN.--.SHN,MV.MWHN.--.SHN,1,2.11,318.34,150.59
2004-09-04 06:48:10.138000,WAV/ASNE_/2004/09/2004-09-04-0648-10S.ASNE__008,  30.000,100,  3000,07,MV.MWHZ.--.SHZ,MV.MWHZ.--.SHZ,1,4.53,280.46,61.86
2004-09-04 16:47:42.981000,WAV/ASNE_/2004/09/2004-09-04-1647-42S.ASNE__008,  26.000,100,  2600,00,MV.MGHZ.--.SHZ,MV.MGHZ.--.SHZ,1,2.55,300.48,117.83
2004-09-04 16:47:42.981000,WAV/ASNE_/2004/09/2004-09-04-1647-42S.ASNE__008,  26.000,100,  2600,01,MV.MJHT.--.SHZ,MV.MJHT.--.SHZ,1,1.44,73.61,51.00
2004-09-04 16:47:42.981000,WAV/ASNE_/2004/09/2004-09-04-1647-42S.ASNE__008,  26.000,100,  2600,02,MV.MLGT.--.SHZ,MV.MLGT.--.SHZ,1,1.40,1833.89,1308.10
2004-09-04 16:47:42.981000,WAV/ASNE_/2004/09/2004-09-04-1647-42S.ASNE__008,  26.000,100,  2600,03,MV.MLYT.--.SHZ,MV.MLYT.--.SHZ,1,2.38,316.66,133.19
2004-09-04 16:47:42.981000,WAV/ASNE_/2004/09/2004-09-04-1647-42S.ASNE__008,  26.000,100,  2600,04,MV.MRYT.--.SHZ,MV.MRYT.--.SHZ,1,1.37,2510.25,1834.35
2004-09-04 16:47:42.981000,WAV/ASNE_/2004/09/2004-09-04-1647-42S.ASNE__008,  26.000,100,  2600,05,MV.MWHE.--.SHE,MV.MWHE.--.SHE,1,1.65,13.94,8.46
2004-09-04 16:47:42.981000,WAV/ASNE_/2004/09/2004-09-04-1647-42S.ASNE__008,  26.000,100,  2600,06,MV.MWHN.--.SHN,MV.MWHN.--.SHN,1,2.57,293.87,114.49
2004-09-04 16:47:42.981000,WAV/ASNE_/2004/09/2004-09-04-1647-42S.ASNE__008,  26.000,100,  2600,07,MV.MWHZ.--.SHZ,MV.MWHZ.--.SHZ,1,2.37,157.35,66.32
2004-09-04 17:10:07.639000,WAV/ASNE_/2004/09/2004-09-04-1710-07S.ASNE__008,  27.000,100,  2700,00,MV.MGHZ.--.SHZ,MV.MGHZ.--.SHZ,1,1.89,1022.97,541.57
2004-09-04 17:10:07.639000,WAV/ASNE_/2004/09/2004-09-04-1710-07S.ASNE__008,  27.000,100,  2700,01,MV.MJHT.--.SHZ,MV.MJHT.--.SHZ,1,5.08,850.18,167.34
2004-09-04 17:10:07.639000,WAV/ASNE_/2004/09/2004-09-04-1710-07S.ASNE__008,  27.000,100,  2700,02,MV.MLGT.--.SHZ,MV.MLGT.--.SHZ,1,1.38,1874.34,1358.93
2004-09-04 17:10:07.639000,WAV/ASNE_/2004/09/2004-09-04-1710-07S.ASNE__008,  27.000,100,  2700,03,MV.MLYT.--.SHZ,MV.MLYT.--.SHZ,1,2.54,908.92,358.41
2004-09-04 17:10:07.639000,WAV/ASNE_/2004/09/2004-09-04-1710-07S.ASNE__008,  27.000,100,  2700,04,MV.MRYT.--.SHZ,MV.MRYT.--.SHZ,1,1.45,2572.94,1772.45
2004-09-04 17:10:07.639000,WAV/ASNE_/2004/09/2004-09-04-1710-07S.ASNE__008,  27.000,100,  2700,05,MV.MWHE.--.SHE,MV.MWHE.--.SHE,1,5.55,108.88,19.62
2004-09-04 17:10:07.639000,WAV/ASNE_/2004/09/2004-09-04-1710-07S.ASNE__008,  27.000,100,  2700,06,MV.MWHN.--.SHN,MV.MWHN.--.SHN,1,5.34,1113.76,208.67
2004-09-04 17:10:07.639000,WAV/ASNE_/2004/09/2004-09-04-1710-07S.ASNE__008,  27.000,100,  2700,07,MV.MWHZ.--.SHZ,MV.MWHZ.--.SHZ,1,4.70,1181.32,251.46
2004-09-04 17:12:42.599999,WAV/ASNE_/2004/09/2004-09-04-1712-42S.ASNE__008,  25.000,100,  2500,00,MV.MGHZ.--.SHZ,MV.MGHZ.--.SHZ,1,2.73,1286.14,470.71
2004-09-04 17:12:42.599999,WAV/ASNE_/2004/09/2004-09-04-1712-42S.ASNE__008,  25.000,100,  2500,01,MV.MJHT.--.SHZ,MV.MJHT.--.SHZ,1,4.27,394.96,92.40
2004-09-04 17:12:42.599999,WAV/ASNE_/2004/09/2004-09-04-1712-42S.ASNE__008,  25.000,100,  2500,02,MV.MLGT.--.SHZ,MV.MLGT.--.SHZ,1,1.42,1705.07,1204.03
2004-09-04 17:12:42.599999,WAV/ASNE_/2004/09/2004-09-04-1712-42S.ASNE__008,  25.000,100,  2500,03,MV.MLYT.--.SHZ,MV.MLYT.--.SHZ,1,3.52,1012.04,287.18
2004-09-04 17:12:42.599999,WAV/ASNE_/2004/09/2004-09-04-1712-42S.ASNE__008,  25.000,100,  2500,04,MV.MRYT.--.SHZ,MV.MRYT.--.SHZ,1,1.40,2558.46,1826.51
2004-09-04 17:12:42.599999,WAV/ASNE_/2004/09/2004-09-04-1712-42S.ASNE__008,  25.000,100,  2500,05,MV.MWHE.--.SHE,MV.MWHE.--.SHE,1,21.50,493.84,22.96
2004-09-04 17:12:42.599999,WAV/ASNE_/2004/09/2004-09-04-1712-42S.ASNE__008,  25.000,100,  2500,06,MV.MWHN.--.SHN,MV.MWHN.--.SHN,1,4.09,1308.88,319.81
2004-09-04 17:12:42.599999,WAV/ASNE_/2004/09/2004-09-04-1712-42S.ASNE__008,  25.000,100,  2500,07,MV.MWHZ.--.SHZ,MV.MWHZ.--.SHZ,1,4.66,1097.65,235.56
2004-09-04 17:17:56.520000,WAV/ASNE_/2004/09/2004-09-04-1717-56S.ASNE__008,  28.000,100,  2800,00,MV.MGHZ.--.SHZ,MV.MGHZ.--.SHZ,1,2.40,392.07,163.04
2004-09-04 17:17:56.520000,WAV/ASNE_/2004/09/2004-09-04-1717-56S.ASNE__008,  28.000,100,  2800,01,MV.MJHT.--.SHZ,MV.MJHT.--.SHZ,1,4.48,255.38,57.02
2004-09-04 17:17:56.520000,WAV/ASNE_/2004/09/2004-09-04-1717-56S.ASNE__008,  28.000,100,  2800,02,MV.MLGT.--.SHZ,MV.MLGT.--.SHZ,1,1.45,1899.63,1306.56
2004-09-04 17:17:56.520000,WAV/ASNE_/2004/09/2004-09-04-1717-56S.ASNE__008,  28.000,100,  2800,03,MV.MLYT.--.SHZ,MV.MLYT.--.SHZ,1,4.70,646.87,137.64
2004-09-04 17:17:56.520000,WAV/ASNE_/2004/09/2004-09-04-1717-56S.ASNE__008,  28.000,100,  2800,04,MV.MRYT.--.SHZ,MV.MRYT.--.SHZ,1,1.33,2654.00,1991.69
2004-09-04 17:17:56.520000,WAV/ASNE_/2004/09/2004-09-04-1717-56S.ASNE__008,  28.000,100,  2800,05,MV.MWHE.--.SHE,MV.MWHE.--.SHE,1,25.96,491.91,18.95
2004-09-04 17:17:56.520000,WAV/ASNE_/2004/09/2004-09-04-1717-56S.ASNE__008,  28.000,100,  2800,06,MV.MWHN.--.SHN,MV.MWHN.--.SHN,1,3.83,701.68,183.13
2004-09-04 17:17:56.520000,WAV/ASNE_/2004/09/2004-09-04-1717-56S.ASNE__008,  28.000,100,  2800,07,MV.MWHZ.--.SHZ,MV.MWHZ.--.SHZ,1,3.60,478.94,133.16
2004-09-04 17:26:16.392998,WAV/ASNE_/2004/09/2004-09-04-1726-16S.ASNE__008,  27.000,100,  2700,00,MV.MGHZ.--.SHZ,MV.MGHZ.--.SHZ,1,2.09,285.02,136.63
2004-09-04 17:26:16.392998,WAV/ASNE_/2004/09/2004-09-04-1726-16S.ASNE__008,  27.000,100,  2700,01,MV.MJHT.--.SHZ,MV.MJHT.--.SHZ,1,2.00,191.30,95.61
2004-09-04 17:26:16.392998,WAV/ASNE_/2004/09/2004-09-04-1726-16S.ASNE__008,  27.000,100,  2700,02,MV.MLGT.--.SHZ,MV.MLGT.--.SHZ,1,2.05,239.05,116.44
2004-09-04 17:26:16.392998,WAV/ASNE_/2004/09/2004-09-04-1726-16S.ASNE__008,  27.000,100,  2700,03,MV.MLYT.--.SHZ,MV.MLYT.--.SHZ,1,3.83,363.70,94.92
2004-09-04 17:26:16.392998,WAV/ASNE_/2004/09/2004-09-04-1726-16S.ASNE__008,  27.000,100,  2700,04,MV.MRYT.--.SHZ,MV.MRYT.--.SHZ,1,1.36,2485.29,1824.02
2004-09-04 17:26:16.392998,WAV/ASNE_/2004/09/2004-09-04-1726-16S.ASNE__008,  27.000,100,  2700,05,MV.MWHE.--.SHE,MV.MWHE.--.SHE,1,2.32,17.41,7.50
2004-09-04 17:26:16.392998,WAV/ASNE_/2004/09/2004-09-04-1726-16S.ASNE__008,  27.000,100,  2700,06,MV.MWHN.--.SHN,MV.MWHN.--.SHN,1,2.46,406.06,165.01
2004-09-04 17:26:16.392998,WAV/ASNE_/2004/09/2004-09-04-1726-16S.ASNE__008,  27.000,100,  2700,07,MV.MWHZ.--.SHZ,MV.MWHZ.--.SHZ,1,3.71,238.07,64.23
2004-09-04 17:27:46.369998,WAV/ASNE_/2004/09/2004-09-04-1727-46S.ASNE__008,  47.000,100,  4700,00,MV.MGHZ.--.SHZ,MV.MGHZ.--.SHZ,1,2.46,335.06,136.17
2004-09-04 17:27:46.369998,WAV/ASNE_/2004/09/2004-09-04-1727-46S.ASNE__008,  47.000,100,  4700,01,MV.MJHT.--.SHZ,MV.MJHT.--.SHZ,1,4.79,188.55,39.33
2004-09-04 17:27:46.369998,WAV/ASNE_/2004/09/2004-09-04-1727-46S.ASNE__008,  47.000,100,  4700,02,MV.MLGT.--.SHZ,MV.MLGT.--.SHZ,1,4.63,234.69,50.68
2004-09-04 17:27:46.369998,WAV/ASNE_/2004/09/2004-09-04-1727-46S.ASNE__008,  47.000,100,  4700,03,MV.MLYT.--.SHZ,MV.MLYT.--.SHZ,1,4.07,421.93,103.67
2004-09-04 17:27:46.369998,WAV/ASNE_/2004/09/2004-09-04-1727-46S.ASNE__008,  47.000,100,  4700,04,MV.MRYT.--.SHZ,MV.MRYT.--.SHZ,1,1.33,2448.17,1843.67
2004-09-04 17:27:46.369998,WAV/ASNE_/2004/09/2004-09-04-1727-46S.ASNE__008,  47.000,100,  4700,05,MV.MWHE.--.SHE,MV.MWHE.--.SHE,1,1.92,14.28,7.43
2004-09-04 17:27:46.369998,WAV/ASNE_/2004/09/2004-09-04-1727-46S.ASNE__008,  47.000,100,  4700,06,MV.MWHN.--.SHN,MV.MWHN.--.SHN,1,2.93,418.17,142.88
2004-09-04 17:27:46.369998,WAV/ASNE_/2004/09/2004-09-04-1727-46S.ASNE__008,  47.000,100,  4700,07,MV.MWHZ.--.SHZ,MV.MWHZ.--.SHZ,1,3.02,154.41,51.11
2004-09-04 18:48:56.135000,WAV/ASNE_/2004/09/2004-09-04-1848-56S.ASNE__008,  44.000,100,  4400,00,MV.MGHZ.--.SHZ,MV.MGHZ.--.SHZ,1,1.91,249.47,130.57
2004-09-04 18:48:56.135000,WAV/ASNE_/2004/09/2004-09-04-1848-56S.ASNE__008,  44.000,100,  4400,01,MV.MJHT.--.SHZ,MV.MJHT.--.SHZ,1,4.25,189.22,44.53
2004-09-04 18:48:56.135000,WAV/ASNE_/2004/09/2004-09-04-1848-56S.ASNE__008,  44.000,100,  4400,02,MV.MLGT.--.SHZ,MV.MLGT.--.SHZ,1,3.88,234.36,60.38
2004-09-04 18:48:56.135000,WAV/ASNE_/2004/09/2004-09-04-1848-56S.ASNE__008,  44.000,100,  4400,03,MV.MLYT.--.SHZ,MV.MLYT.--.SHZ,1,2.86,406.20,142.24
2004-09-04 18:48:56.135000,WAV/ASNE_/2004/09/2004-09-04-1848-56S.ASNE__008,  44.000,100,  4400,04,MV.MRYT.--.SHZ,MV.MRYT.--.SHZ,1,1.12,2347.61,2088.40
2004-09-04 18:48:56.135000,WAV/ASNE_/2004/09/2004-09-04-1848-56S.ASNE__008,  44.000,100,  4400,05,MV.MWHE.--.SHE,MV.MWHE.--.SHE,1,1.53,12.78,8.34
2004-09-04 18:48:56.135000,WAV/ASNE_/2004/09/2004-09-04-1848-56S.ASNE__008,  44.000,100,  4400,06,MV.MWHN.--.SHN,MV.MWHN.--.SHN,1,3.02,386.60,128.13
2004-09-04 18:48:56.135000,WAV/ASNE_/2004/09/2004-09-04-1848-56S.ASNE__008,  44.000,100,  4400,07,MV.MWHZ.--.SHZ,MV.MWHZ.--.SHZ,1,2.88,76.10,26.43
2004-09-06 16:58:58.865000,WAV/ASNE_/2004/09/2004-09-06-1658-58S.ASNE__008,  60.000,100,  6000,00,MV.MGHZ.--.SHZ,MV.MGHZ.--.SHZ,1,1.91,224.50,117.53
2004-09-06 16:58:58.865000,WAV/ASNE_/2004/09/2004-09-06-1658-58S.ASNE__008,  60.000,100,  6000,01,MV.MJHT.--.SHZ,MV.MJHT.--.SHZ,1,10.81,185.82,17.19
2004-09-06 16:58:58.865000,WAV/ASNE_/2004/09/2004-09-06-1658-58S.ASNE__008,  60.000,100,  6000,02,MV.MLGT.--.SHZ,MV.MLGT.--.SHZ,1,9.28,234.08,25.23
2004-09-06 16:58:58.865000,WAV/ASNE_/2004/09/2004-09-06-1658-58S.ASNE__008,  60.000,100,  6000,03,MV.MLYT.--.SHZ,MV.MLYT.--.SHZ,1,2.20,330.14,150.38
2004-09-06 16:58:58.865000,WAV/ASNE_/2004/09/2004-09-06-1658-58S.ASNE__008,  60.000,100,  6000,04,MV.MRYT.--.SHZ,MV.MRYT.--.SHZ,1,1.19,2361.43,1981.18
2004-09-06 16:58:58.865000,WAV/ASNE_/2004/09/2004-09-06-1658-58S.ASNE__008,  60.000,100,  6000,05,MV.MWHE.--.SHE,MV.MWHE.--.SHE,1,2.09,16.68,7.98
2004-09-06 16:58:58.865000,WAV/ASNE_/2004/09/2004-09-06-1658-58S.ASNE__008,  60.000,100,  6000,06,MV.MWHN.--.SHN,MV.MWHN.--.SHN,1,4.46,416.87,93.40
2004-09-06 16:58:58.865000,WAV/ASNE_/2004/09/2004-09-06-1658-58S.ASNE__008,  60.000,100,  6000,07,MV.MWHZ.--.SHZ,MV.MWHZ.--.SHZ,1,2.05,133.77,65.33
2004-09-07 00:43:58.773999,WAV/ASNE_/2004/09/2004-09-07-0043-58S.ASNE__008, 205.000,100, 20500,00,MV.MGHZ.--.SHZ,MV.MGHZ.--.SHZ,1,1.81,499.74,275.46
2004-09-07 00:43:58.773999,WAV/ASNE_/2004/09/2004-09-07-0043-58S.ASNE__008, 205.000,100, 20500,01,MV.MJHT.--.SHZ,MV.MJHT.--.SHZ,1,1.59,1266.63,797.10
2004-09-07 00:43:58.773999,WAV/ASNE_/2004/09/2004-09-07-0043-58S.ASNE__008, 205.000,100, 20500,02,MV.MLGT.--.SHZ,MV.MLGT.--.SHZ,1,28.66,197.87,6.90
2004-09-07 00:43:58.773999,WAV/ASNE_/2004/09/2004-09-07-0043-58S.ASNE__008, 205.000,100, 20500,03,MV.MLYT.--.SHZ,MV.MLYT.--.SHZ,1,1.76,271.48,153.94
2004-09-07 00:43:58.773999,WAV/ASNE_/2004/09/2004-09-07-0043-58S.ASNE__008, 205.000,100, 20500,04,MV.MRYT.--.SHZ,MV.MRYT.--.SHZ,1,1.30,2417.65,1857.42
2004-09-07 00:43:58.773999,WAV/ASNE_/2004/09/2004-09-07-0043-58S.ASNE__008, 205.000,100, 20500,05,MV.MWHE.--.SHE,MV.MWHE.--.SHE,1,1.72,29.71,17.31
2004-09-07 00:43:58.773999,WAV/ASNE_/2004/09/2004-09-07-0043-58S.ASNE__008, 205.000,100, 20500,06,MV.MWHN.--.SHN,MV.MWHN.--.SHN,1,3.07,417.18,136.01
2004-09-07 00:43:58.773999,WAV/ASNE_/2004/09/2004-09-07-0043-58S.ASNE__008, 205.000,100, 20500,07,MV.MWHZ.--.SHZ,MV.MWHZ.--.SHZ,1,1.61,303.88,188.67
2004-09-11 03:00:44.806000,WAV/ASNE_/2004/09/2004-09-11-0300-44S.ASNE__008,  40.000,100,  4000,00,MV.MGHZ.--.SHZ,MV.MGHZ.--.SHZ,1,1.58,101.21,63.92
2004-09-11 03:00:44.806000,WAV/ASNE_/2004/09/2004-09-11-0300-44S.ASNE__008,  40.000,100,  4000,01,MV.MJHT.--.SHZ,MV.MJHT.--.SHZ,1,1.53,1335.58,874.92
2004-09-11 03:00:44.806000,WAV/ASNE_/2004/09/2004-09-11-0300-44S.ASNE__008,  40.000,100,  4000,02,MV.MLGT.--.SHZ,MV.MLGT.--.SHZ,1,3.33,237.14,71.20
2004-09-11 03:00:44.806000,WAV/ASNE_/2004/09/2004-09-11-0300-44S.ASNE__008,  40.000,100,  4000,03,MV.MLYT.--.SHZ,MV.MLYT.--.SHZ,1,1.75,115.06,65.82
2004-09-11 03:00:44.806000,WAV/ASNE_/2004/09/2004-09-11-0300-44S.ASNE__008,  40.000,100,  4000,04,MV.MRYT.--.SHZ,MV.MRYT.--.SHZ,1,1.18,2456.78,2081.86
2004-09-11 03:00:44.806000,WAV/ASNE_/2004/09/2004-09-11-0300-44S.ASNE__008,  40.000,100,  4000,05,MV.MWHE.--.SHE,MV.MWHE.--.SHE,1,2.45,19.49,7.94
2004-09-11 03:00:44.806000,WAV/ASNE_/2004/09/2004-09-11-0300-44S.ASNE__008,  40.000,100,  4000,06,MV.MWHN.--.SHN,MV.MWHN.--.SHN,1,2.92,453.56,155.14
2004-09-11 03:00:44.806000,WAV/ASNE_/2004/09/2004-09-11-0300-44S.ASNE__008,  40.000,100,  4000,07,MV.MWHZ.--.SHZ,MV.MWHZ.--.SHZ,1,1.69,51.80,30.73
2004-09-11 09:04:47.242000,WAV/ASNE_/2004/09/2004-09-11-0904-47S.ASNE__008,  62.000,100,  6200,00,MV.MGHZ.--.SHZ,MV.MGHZ.--.SHZ,1,1.61,193.66,120.65
2004-09-11 09:04:47.242000,WAV/ASNE_/2004/09/2004-09-11-0904-47S.ASNE__008,  62.000,100,  6200,01,MV.MJHT.--.SHZ,MV.MJHT.--.SHZ,1,1.81,1478.69,815.43
2004-09-11 09:04:47.242000,WAV/ASNE_/2004/09/2004-09-11-0904-47S.ASNE__008,  62.000,100,  6200,02,MV.MLGT.--.SHZ,MV.MLGT.--.SHZ,1,11.28,237.99,21.09
2004-09-11 09:04:47.242000,WAV/ASNE_/2004/09/2004-09-11-0904-47S.ASNE__008,  62.000,100,  6200,03,MV.MLYT.--.SHZ,MV.MLYT.--.SHZ,1,2.20,313.59,142.26
2004-09-11 09:04:47.242000,WAV/ASNE_/2004/09/2004-09-11-0904-47S.ASNE__008,  62.000,100,  6200,04,MV.MRYT.--.SHZ,MV.MRYT.--.SHZ,1,1.26,2392.36,1901.25
2004-09-11 09:04:47.242000,WAV/ASNE_/2004/09/2004-09-11-0904-47S.ASNE__008,  62.000,100,  6200,05,MV.MWHE.--.SHE,MV.MWHE.--.SHE,1,2.10,18.69,8.88
2004-09-11 09:04:47.242000,WAV/ASNE_/2004/09/2004-09-11-0904-47S.ASNE__008,  62.000,100,  6200,06,MV.MWHN.--.SHN,MV.MWHN.--.SHN,1,3.62,400.49,110.49
2004-09-11 09:04:47.242000,WAV/ASNE_/2004/09/2004-09-11-0904-47S.ASNE__008,  62.000,100,  6200,07,MV.MWHZ.--.SHZ,MV.MWHZ.--.SHZ,1,1.73,111.18,64.33
2004-09-11 23:09:05.335000,WAV/ASNE_/2004/09/2004-09-11-2309-05S.ASNE__008,  99.000,100,  9900,00,MV.MGHZ.--.SHZ,MV.MGHZ.--.SHZ,1,1.65,835.51,507.41
2004-09-11 23:09:05.335000,WAV/ASNE_/2004/09/2004-09-11-2309-05S.ASNE__008,  99.000,100,  9900,01,MV.MJHT.--.SHZ,MV.MJHT.--.SHZ,1,1.73,1411.62,816.17
2004-09-11 23:09:05.335000,WAV/ASNE_/2004/09/2004-09-11-2309-05S.ASNE__008,  99.000,100,  9900,02,MV.MLGT.--.SHZ,MV.MLGT.--.SHZ,1,26.63,224.96,8.45
2004-09-11 23:09:05.335000,WAV/ASNE_/2004/09/2004-09-11-2309-05S.ASNE__008,  99.000,100,  9900,03,MV.MLYT.--.SHZ,MV.MLYT.--.SHZ,1,1.96,1266.71,644.94
2004-09-11 23:09:05.335000,WAV/ASNE_/2004/09/2004-09-11-2309-05S.ASNE__008,  99.000,100,  9900,04,MV.MRYT.--.SHZ,MV.MRYT.--.SHZ,1,1.29,2443.50,1890.83
2004-09-11 23:09:05.335000,WAV/ASNE_/2004/09/2004-09-11-2309-05S.ASNE__008,  99.000,100,  9900,05,MV.MWHE.--.SHE,MV.MWHE.--.SHE,1,2.25,35.87,15.95
2004-09-11 23:09:05.335000,WAV/ASNE_/2004/09/2004-09-11-2309-05S.ASNE__008,  99.000,100,  9900,06,MV.MWHN.--.SHN,MV.MWHN.--.SHN,1,2.41,422.14,175.36
2004-09-11 23:09:05.335000,WAV/ASNE_/2004/09/2004-09-11-2309-05S.ASNE__008,  99.000,100,  9900,07,MV.MWHZ.--.SHZ,MV.MWHZ.--.SHZ,1,2.25,378.12,168.18
2004-09-12 02:04:35.654000,WAV/ASNE_/2004/09/2004-09-12-0204-35S.ASNE__008,  69.000,100,  6900,00,MV.MGHZ.--.SHZ,MV.MGHZ.--.SHZ,1,2.21,281.68,127.18
2004-09-12 02:04:35.654000,WAV/ASNE_/2004/09/2004-09-12-0204-35S.ASNE__008,  69.000,100,  6900,01,MV.MJHT.--.SHZ,MV.MJHT.--.SHZ,1,1.62,1504.01,929.19
2004-09-12 02:04:35.654000,WAV/ASNE_/2004/09/2004-09-12-0204-35S.ASNE__008,  69.000,100,  6900,02,MV.MLGT.--.SHZ,MV.MLGT.--.SHZ,1,14.40,231.82,16.10
2004-09-12 02:04:35.654000,WAV/ASNE_/2004/09/2004-09-12-0204-35S.ASNE__008,  69.000,100,  6900,03,MV.MLYT.--.SHZ,MV.MLYT.--.SHZ,1,1.48,240.34,162.48
2004-09-12 02:04:35.654000,WAV/ASNE_/2004/09/2004-09-12-0204-35S.ASNE__008,  69.000,100,  6900,04,MV.MRYT.--.SHZ,MV.MRYT.--.SHZ,1,1.24,2351.34,1900.71
2004-09-12 02:04:35.654000,WAV/ASNE_/2004/09/2004-09-12-0204-35S.ASNE__008,  69.000,100,  6900,05,MV.MWHE.--.SHE,MV.MWHE.--.SHE,1,2.01,40.67,20.27
2004-09-12 02:04:35.654000,WAV/ASNE_/2004/09/2004-09-12-0204-35S.ASNE__008,  69.000,100,  6900,06,MV.MWHN.--.SHN,MV.MWHN.--.SHN,1,3.18,414.11,130.39
2004-09-12 02:04:35.654000,WAV/ASNE_/2004/09/2004-09-12-0204-35S.ASNE__008,  69.000,100,  6900,07,MV.MWHZ.--.SHZ,MV.MWHZ.--.SHZ,1,1.89,468.00,247.39
2004-09-13 07:51:57.326000,WAV/ASNE_/2004/09/2004-09-13-0751-57S.ASNE__008, 109.000,100, 10900,00,MV.MGHZ.--.SHZ,MV.MGHZ.--.SHZ,1,2.16,1038.33,481.73
2004-09-13 07:51:57.326000,WAV/ASNE_/2004/09/2004-09-13-0751-57S.ASNE__008, 109.000,100, 10900,01,MV.MJHT.--.SHZ,MV.MJHT.--.SHZ,1,1.83,1556.95,850.14
2004-09-13 07:51:57.326000,WAV/ASNE_/2004/09/2004-09-13-0751-57S.ASNE__008, 109.000,100, 10900,02,MV.MLGT.--.SHZ,MV.MLGT.--.SHZ,1,27.91,222.81,7.98
2004-09-13 07:51:57.326000,WAV/ASNE_/2004/09/2004-09-13-0751-57S.ASNE__008, 109.000,100, 10900,03,MV.MLYT.--.SHZ,MV.MLYT.--.SHZ,1,2.20,656.45,298.59
2004-09-13 07:51:57.326000,WAV/ASNE_/2004/09/2004-09-13-0751-57S.ASNE__008, 109.000,100, 10900,04,MV.MRYT.--.SHZ,MV.MRYT.--.SHZ,1,1.32,2443.05,1851.70
2004-09-13 07:51:57.326000,WAV/ASNE_/2004/09/2004-09-13-0751-57S.ASNE__008, 109.000,100, 10900,05,MV.MWHE.--.SHE,MV.MWHE.--.SHE,1,1.93,36.03,18.68
2004-09-13 07:51:57.326000,WAV/ASNE_/2004/09/2004-09-13-0751-57S.ASNE__008, 109.000,100, 10900,06,MV.MWHN.--.SHN,MV.MWHN.--.SHN,1,3.18,426.41,134.28
2004-09-13 07:51:57.326000,WAV/ASNE_/2004/09/2004-09-13-0751-57S.ASNE__008, 109.000,100, 10900,07,MV.MWHZ.--.SHZ,MV.MWHZ.--.SHZ,1,1.95,413.40,212.13
2004-09-13 23:35:37.895999,WAV/ASNE_/2004/09/2004-09-13-2335-37S.ASNE__008, 119.000,100, 11900,00,MV.MGHZ.--.SHZ,MV.MGHZ.--.SHZ,1,1.77,1545.75,873.41
2004-09-13 23:35:37.895999,WAV/ASNE_/2004/09/2004-09-13-2335-37S.ASNE__008, 119.000,100, 11900,01,MV.MJHT.--.SHZ,MV.MJHT.--.SHZ,1,1.70,1405.16,825.61
2004-09-13 23:35:37.895999,WAV/ASNE_/2004/09/2004-09-13-2335-37S.ASNE__008, 119.000,100, 11900,02,MV.MLGT.--.SHZ,MV.MLGT.--.SHZ,1,22.42,220.07,9.82
2004-09-13 23:35:37.895999,WAV/ASNE_/2004/09/2004-09-13-2335-37S.ASNE__008, 119.000,100, 11900,03,MV.MLYT.--.SHZ,MV.MLYT.--.SHZ,1,2.25,1424.14,633.28
2004-09-13 23:35:37.895999,WAV/ASNE_/2004/09/2004-09-13-2335-37S.ASNE__008, 119.000,100, 11900,04,MV.MRYT.--.SHZ,MV.MRYT.--.SHZ,1,1.30,2416.12,1864.14
2004-09-13 23:35:37.895999,WAV/ASNE_/2004/09/2004-09-13-2335-37S.ASNE__008, 119.000,100, 11900,05,MV.MWHE.--.SHE,MV.MWHE.--.SHE,1,2.55,88.00,34.46
2004-09-13 23:35:37.895999,WAV/ASNE_/2004/09/2004-09-13-2335-37S.ASNE__008, 119.000,100, 11900,06,MV.MWHN.--.SHN,MV.MWHN.--.SHN,1,2.24,452.60,201.92
2004-09-13 23:35:37.895999,WAV/ASNE_/2004/09/2004-09-13-2335-37S.ASNE__008, 119.000,100, 11900,07,MV.MWHZ.--.SHZ,MV.MWHZ.--.SHZ,1,2.59,1133.41,437.54
2004-09-14 09:57:31.395999,WAV/ASNE_/2004/09/2004-09-14-0957-31S.ASNE__008,  33.000,100,  3300,00,MV.MGHZ.--.SHZ,MV.MGHZ.--.SHZ,1,2.19,794.22,362.35
2004-09-14 09:57:31.395999,WAV/ASNE_/2004/09/2004-09-14-0957-31S.ASNE__008,  33.000,100,  3300,01,MV.MJHT.--.SHZ,MV.MJHT.--.SHZ,1,1.82,1483.66,817.23
2004-09-14 09:57:31.395999,WAV/ASNE_/2004/09/2004-09-14-0957-31S.ASNE__008,  33.000,100,  3300,02,MV.MLGT.--.SHZ,MV.MLGT.--.SHZ,1,2.52,239.61,95.22
2004-09-14 09:57:31.395999,WAV/ASNE_/2004/09/2004-09-14-0957-31S.ASNE__008,  33.000,100,  3300,03,MV.MLYT.--.SHZ,MV.MLYT.--.SHZ,1,2.83,987.54,349.54
2004-09-14 09:57:31.395999,WAV/ASNE_/2004/09/2004-09-14-0957-31S.ASNE__008,  33.000,100,  3300,04,MV.MRYT.--.SHZ,MV.MRYT.--.SHZ,1,1.16,2312.65,1995.46
2004-09-14 09:57:31.395999,WAV/ASNE_/2004/09/2004-09-14-0957-31S.ASNE__008,  33.000,100,  3300,05,MV.MWHE.--.SHE,MV.MWHE.--.SHE,1,4.06,61.91,15.23
2004-09-14 09:57:31.395999,WAV/ASNE_/2004/09/2004-09-14-0957-31S.ASNE__008,  33.000,100,  3300,06,MV.MWHN.--.SHN,MV.MWHN.--.SHN,1,3.12,607.27,194.39
2004-09-14 09:57:31.395999,WAV/ASNE_/2004/09/2004-09-14-0957-31S.ASNE__008,  33.000,100,  3300,07,MV.MWHZ.--.SHZ,MV.MWHZ.--.SHZ,1,3.29,614.99,186.73
2004-09-14 17:52:48.130000,WAV/ASNE_/2004/09/2004-09-14-1752-48S.ASNE__008,  57.000,100,  5700,00,MV.MGHZ.--.SHZ,MV.MGHZ.--.SHZ,1,1.69,823.23,487.48
2004-09-14 17:52:48.130000,WAV/ASNE_/2004/09/2004-09-14-1752-48S.ASNE__008,  57.000,100,  5700,01,MV.MJHT.--.SHZ,MV.MJHT.--.SHZ,1,10.09,188.37,18.67
2004-09-14 17:52:48.130000,WAV/ASNE_/2004/09/2004-09-14-1752-48S.ASNE__008,  57.000,100,  5700,02,MV.MLGT.--.SHZ,MV.MLGT.--.SHZ,1,9.12,237.00,25.99
2004-09-14 17:52:48.130000,WAV/ASNE_/2004/09/2004-09-14-1752-48S.ASNE__008,  57.000,100,  5700,03,MV.MLYT.--.SHZ,MV.MLYT.--.SHZ,1,1.59,174.31,109.70
2004-09-14 17:52:48.130000,WAV/ASNE_/2004/09/2004-09-14-1752-48S.ASNE__008,  57.000,100,  5700,04,MV.MRYT.--.SHZ,MV.MRYT.--.SHZ,1,1.17,2758.57,2349.51
2004-09-14 17:52:48.130000,WAV/ASNE_/2004/09/2004-09-14-1752-48S.ASNE__008,  57.000,100,  5700,05,MV.MWHE.--.SHE,MV.MWHE.--.SHE,1,2.33,18.66,8.00
2004-09-14 17:52:48.130000,WAV/ASNE_/2004/09/2004-09-14-1752-48S.ASNE__008,  57.000,100,  5700,06,MV.MWHN.--.SHN,MV.MWHN.--.SHN,1,2.33,418.22,179.79
2004-09-14 17:52:48.130000,WAV/ASNE_/2004/09/2004-09-14-1752-48S.ASNE__008,  57.000,100,  5700,07,MV.MWHZ.--.SHZ,MV.MWHZ.--.SHZ,1,1.76,55.58,31.67
2004-09-14 19:36:25.546999,WAV/ASNE_/2004/09/2004-09-14-1936-25S.ASNE__008,  44.000,100,  4400,00,MV.MGHZ.--.SHZ,MV.MGHZ.--.SHZ,1,2.10,1437.14,684.52
2004-09-14 19:36:25.546999,WAV/ASNE_/2004/09/2004-09-14-1936-25S.ASNE__008,  44.000,100,  4400,01,MV.MJHT.--.SHZ,MV.MJHT.--.SHZ,1,4.08,190.31,46.61
2004-09-14 19:36:25.546999,WAV/ASNE_/2004/09/2004-09-14-1936-25S.ASNE__008,  44.000,100,  4400,02,MV.MLGT.--.SHZ,MV.MLGT.--.SHZ,1,4.16,239.49,57.54
2004-09-14 19:36:25.546999,WAV/ASNE_/2004/09/2004-09-14-1936-25S.ASNE__008,  44.000,100,  4400,03,MV.MLYT.--.SHZ,MV.MLYT.--.SHZ,1,1.60,324.86,202.81
2004-09-14 19:36:25.546999,WAV/ASNE_/2004/09/2004-09-14-1936-25S.ASNE__008,  44.000,100,  4400,04,MV.MRYT.--.SHZ,MV.MRYT.--.SHZ,1,1.16,2921.68,2517.73
2004-09-14 19:36:25.546999,WAV/ASNE_/2004/09/2004-09-14-1936-25S.ASNE__008,  44.000,100,  4400,05,MV.MWHE.--.SHE,MV.MWHE.--.SHE,1,1.87,17.99,9.61
2004-09-14 19:36:25.546999,WAV/ASNE_/2004/09/2004-09-14-1936-25S.ASNE__008,  44.000,100,  4400,06,MV.MWHN.--.SHN,MV.MWHN.--.SHN,1,2.65,448.14,168.93
2004-09-14 19:36:25.546999,WAV/ASNE_/2004/09/2004-09-14-1936-25S.ASNE__008,  44.000,100,  4400,07,MV.MWHZ.--.SHZ,MV.MWHZ.--.SHZ,1,2.18,82.86,37.98
2004-09-14 21:50:33.496000,WAV/ASNE_/2004/09/2004-09-14-2150-33S.ASNE__008,  38.000,100,  3800,00,MV.MGHZ.--.SHZ,MV.MGHZ.--.SHZ,1,1.52,253.04,166.90
2004-09-14 21:50:33.496000,WAV/ASNE_/2004/09/2004-09-14-2150-33S.ASNE__008,  38.000,100,  3800,01,MV.MJHT.--.SHZ,MV.MJHT.--.SHZ,1,3.17,193.09,60.97
2004-09-14 21:50:33.496000,WAV/ASNE_/2004/09/2004-09-14-2150-33S.ASNE__008,  38.000,100,  3800,02,MV.MLGT.--.SHZ,MV.MLGT.--.SHZ,1,2.98,240.16,80.58
2004-09-14 21:50:33.496000,WAV/ASNE_/2004/09/2004-09-14-2150-33S.ASNE__008,  38.000,100,  3800,03,MV.MLYT.--.SHZ,MV.MLYT.--.SHZ,1,1.99,255.26,128.54
2004-09-14 21:50:33.496000,WAV/ASNE_/2004/09/2004-09-14-2150-33S.ASNE__008,  38.000,100,  3800,04,MV.MRYT.--.SHZ,MV.MRYT.--.SHZ,1,1.08,2814.14,2598.34
2004-09-14 21:50:33.496000,WAV/ASNE_/2004/09/2004-09-14-2150-33S.ASNE__008,  38.000,100,  3800,05,MV.MWHE.--.SHE,MV.MWHE.--.SHE,1,1.90,19.30,10.13
2004-09-14 21:50:33.496000,WAV/ASNE_/2004/09/2004-09-14-2150-33S.ASNE__008,  38.000,100,  3800,06,MV.MWHN.--.SHN,MV.MWHN.--.SHN,1,3.03,451.37,148.96
2004-09-14 21:50:33.496000,WAV/ASNE_/2004/09/2004-09-14-2150-33S.ASNE__008,  38.000,100,  3800,07,MV.MWHZ.--.SHZ,MV.MWHZ.--.SHZ,1,1.61,59.46,36.83
2004-09-14 23:17:36.165998,WAV/ASNE_/2004/09/2004-09-14-2317-36S.ASNE__008,  61.000,100,  6100,00,MV.MGHZ.--.SHZ,MV.MGHZ.--.SHZ,1,1.95,519.27,266.03
2004-09-14 23:17:36.165998,WAV/ASNE_/2004/09/2004-09-14-2317-36S.ASNE__008,  61.000,100,  6100,01,MV.MJHT.--.SHZ,MV.MJHT.--.SHZ,1,11.45,185.49,16.19
2004-09-14 23:17:36.165998,WAV/ASNE_/2004/09/2004-09-14-2317-36S.ASNE__008,  61.000,100,  6100,02,MV.MLGT.--.SHZ,MV.MLGT.--.SHZ,1,11.92,236.07,19.80
2004-09-14 23:17:36.165998,WAV/ASNE_/2004/09/2004-09-14-2317-36S.ASNE__008,  61.000,100,  6100,03,MV.MLYT.--.SHZ,MV.MLYT.--.SHZ,1,1.94,528.41,273.02
2004-09-14 23:17:36.165998,WAV/ASNE_/2004/09/2004-09-14-2317-36S.ASNE__008,  61.000,100,  6100,04,MV.MRYT.--.SHZ,MV.MRYT.--.SHZ,1,1.26,2984.21,2363.36
2004-09-14 23:17:36.165998,WAV/ASNE_/2004/09/2004-09-14-2317-36S.ASNE__008,  61.000,100,  6100,05,MV.MWHE.--.SHE,MV.MWHE.--.SHE,1,1.88,21.08,11.18
2004-09-14 23:17:36.165998,WAV/ASNE_/2004/09/2004-09-14-2317-36S.ASNE__008,  61.000,100,  6100,06,MV.MWHN.--.SHN,MV.MWHN.--.SHN,1,2.70,432.61,160.41
2004-09-14 23:17:36.165998,WAV/ASNE_/2004/09/2004-09-14-2317-36S.ASNE__008,  61.000,100,  6100,07,MV.MWHZ.--.SHZ,MV.MWHZ.--.SHZ,1,2.11,130.16,61.61
2004-09-15 03:23:16.408999,WAV/ASNE_/2004/09/2004-09-15-0323-16S.ASNE__008,  50.000,100,  5000,00,MV.MGHZ.--.SHZ,MV.MGHZ.--.SHZ,1,1.74,231.96,132.96
2004-09-15 03:23:16.408999,WAV/ASNE_/2004/09/2004-09-15-0323-16S.ASNE__008,  50.000,100,  5000,01,MV.MJHT.--.SHZ,MV.MJHT.--.SHZ,1,5.24,190.41,36.30
2004-09-15 03:23:16.408999,WAV/ASNE_/2004/09/2004-09-15-0323-16S.ASNE__008,  50.000,100,  5000,02,MV.MLGT.--.SHZ,MV.MLGT.--.SHZ,1,5.68,240.65,42.38
2004-09-15 03:23:16.408999,WAV/ASNE_/2004/09/2004-09-15-0323-16S.ASNE__008,  50.000,100,  5000,03,MV.MLYT.--.SHZ,MV.MLYT.--.SHZ,1,1.77,207.77,117.51
2004-09-15 03:23:16.408999,WAV/ASNE_/2004/09/2004-09-15-0323-16S.ASNE__008,  50.000,100,  5000,04,MV.MRYT.--.SHZ,MV.MRYT.--.SHZ,1,1.18,2706.26,2291.85
2004-09-15 03:23:16.408999,WAV/ASNE_/2004/09/2004-09-15-0323-16S.ASNE__008,  50.000,100,  5000,05,MV.MWHE.--.SHE,MV.MWHE.--.SHE,1,2.47,20.69,8.38
2004-09-15 03:23:16.408999,WAV/ASNE_/2004/09/2004-09-15-0323-16S.ASNE__008,  50.000,100,  5000,06,MV.MWHN.--.SHN,MV.MWHN.--.SHN,1,2.84,420.60,148.00
2004-09-15 03:23:16.408999,WAV/ASNE_/2004/09/2004-09-15-0323-16S.ASNE__008,  50.000,100,  5000,07,MV.MWHZ.--.SHZ,MV.MWHZ.--.SHZ,1,1.48,53.95,36.38
2004-09-15 07:52:52.283999,WAV/ASNE_/2004/09/2004-09-15-0752-52S.ASNE__008,  48.000,100,  4800,00,MV.MGHZ.--.SHZ,MV.MGHZ.--.SHZ,1,1.76,758.66,430.19
2004-09-15 07:52:52.283999,WAV/ASNE_/2004/09/2004-09-15-0752-52S.ASNE__008,  48.000,100,  4800,01,MV.MJHT.--.SHZ,MV.MJHT.--.SHZ,1,5.25,193.17,36.79
2004-09-15 07:52:52.283999,WAV/ASNE_/2004/09/2004-09-15-0752-52S.ASNE__008,  48.000,100,  4800,02,MV.MLGT.--.SHZ,MV.MLGT.--.SHZ,1,4.79,238.71,49.81
2004-09-15 07:52:52.283999,WAV/ASNE_/2004/09/2004-09-15-0752-52S.ASNE__008,  48.000,100,  4800,03,MV.MLYT.--.SHZ,MV.MLYT.--.SHZ,1,1.90,213.63,112.24
2004-09-15 07:52:52.283999,WAV/ASNE_/2004/09/2004-09-15-0752-52S.ASNE__008,  48.000,100,  4800,04,MV.MRYT.--.SHZ,MV.MRYT.--.SHZ,1,1.22,3016.86,2475.91
2004-09-15 07:52:52.283999,WAV/ASNE_/2004/09/2004-09-15-0752-52S.ASNE__008,  48.000,100,  4800,05,MV.MWHE.--.SHE,MV.MWHE.--.SHE,1,2.26,23.32,10.32
2004-09-15 07:52:52.283999,WAV/ASNE_/2004/09/2004-09-15-0752-52S.ASNE__008,  48.000,100,  4800,06,MV.MWHN.--.SHN,MV.MWHN.--.SHN,1,2.94,464.26,158.03
2004-09-15 07:52:52.283999,WAV/ASNE_/2004/09/2004-09-15-0752-52S.ASNE__008,  48.000,100,  4800,07,MV.MWHZ.--.SHZ,MV.MWHZ.--.SHZ,1,1.66,57.87,34.80
2004-09-15 12:45:43.803999,WAV/ASNE_/2004/09/2004-09-15-1245-43S.ASNE__008,  42.000,100,  4200,00,MV.MGHZ.--.SHZ,MV.MGHZ.--.SHZ,1,2.01,965.39,480.83
2004-09-15 12:45:43.803999,WAV/ASNE_/2004/09/2004-09-15-1245-43S.ASNE__008,  42.000,100,  4200,01,MV.MJHT.--.SHZ,MV.MJHT.--.SHZ,1,3.55,192.82,54.38
2004-09-15 12:45:43.803999,WAV/ASNE_/2004/09/2004-09-15-1245-43S.ASNE__008,  42.000,100,  4200,02,MV.MLGT.--.SHZ,MV.MLGT.--.SHZ,1,3.59,238.15,66.37
2004-09-15 12:45:43.803999,WAV/ASNE_/2004/09/2004-09-15-1245-43S.ASNE__008,  42.000,100,  4200,03,MV.MLYT.--.SHZ,MV.MLYT.--.SHZ,1,2.40,358.06,149.19
2004-09-15 12:45:43.803999,WAV/ASNE_/2004/09/2004-09-15-1245-43S.ASNE__008,  42.000,100,  4200,04,MV.MRYT.--.SHZ,MV.MRYT.--.SHZ,1,1.38,3192.94,2313.94
2004-09-15 12:45:43.803999,WAV/ASNE_/2004/09/2004-09-15-1245-43S.ASNE__008,  42.000,100,  4200,05,MV.MWHE.--.SHE,MV.MWHE.--.SHE,1,2.10,20.04,9.53
2004-09-15 12:45:43.803999,WAV/ASNE_/2004/09/2004-09-15-1245-43S.ASNE__008,  42.000,100,  4200,06,MV.MWHN.--.SHN,MV.MWHN.--.SHN,1,3.07,459.79,149.97
2004-09-15 12:45:43.803999,WAV/ASNE_/2004/09/2004-09-15-1245-43S.ASNE__008,  42.000,100,  4200,07,MV.MWHZ.--.SHZ,MV.MWHZ.--.SHZ,1,2.81,107.18,38.14
2004-09-16 02:51:11.887000,WAV/ASNE_/2004/09/2004-09-16-0251-11S.ASNE__008,  59.000,100,  5900,00,MV.MGHZ.--.SHZ,MV.MGHZ.--.SHZ,1,2.16,145.72,67.31
2004-09-16 02:51:11.887000,WAV/ASNE_/2004/09/2004-09-16-0251-11S.ASNE__008,  59.000,100,  5900,01,MV.MJHT.--.SHZ,MV.MJHT.--.SHZ,1,10.31,189.08,18.33
2004-09-16 02:51:11.887000,WAV/ASNE_/2004/09/2004-09-16-0251-11S.ASNE__008,  59.000,100,  5900,02,MV.MLGT.--.SHZ,MV.MLGT.--.SHZ,1,9.94,239.39,24.08
2004-09-16 02:51:11.887000,WAV/ASNE_/2004/09/2004-09-16-0251-11S.ASNE__008,  59.000,100,  5900,03,MV.MLYT.--.SHZ,MV.MLYT.--.SHZ,1,2.30,230.19,100.06
2004-09-16 02:51:11.887000,WAV/ASNE_/2004/09/2004-09-16-0251-11S.ASNE__008,  59.000,100,  5900,04,MV.MRYT.--.SHZ,MV.MRYT.--.SHZ,1,1.24,2432.40,1959.56
2004-09-16 02:51:11.887000,WAV/ASNE_/2004/09/2004-09-16-0251-11S.ASNE__008,  59.000,100,  5900,05,MV.MWHE.--.SHE,MV.MWHE.--.SHE,1,2.19,17.36,7.91
2004-09-16 02:51:11.887000,WAV/ASNE_/2004/09/2004-09-16-0251-11S.ASNE__008,  59.000,100,  5900,06,MV.MWHN.--.SHN,MV.MWHN.--.SHN,1,2.52,421.70,167.10
2004-09-16 02:51:11.887000,WAV/ASNE_/2004/09/2004-09-16-0251-11S.ASNE__008,  59.000,100,  5900,07,MV.MWHZ.--.SHZ,MV.MWHZ.--.SHZ,1,1.76,60.92,34.53
2004-09-16 05:24:53.539000,WAV/ASNE_/2004/09/2004-09-16-0524-53S.ASNE__008,  39.000,100,  3900,00,MV.MGHZ.--.SHZ,MV.MGHZ.--.SHZ,1,1.78,117.32,66.03
2004-09-16 05:24:53.539000,WAV/ASNE_/2004/09/2004-09-16-0524-53S.ASNE__008,  39.000,100,  3900,01,MV.MJHT.--.SHZ,MV.MJHT.--.SHZ,1,1.75,1500.01,854.86
2004-09-16 05:24:53.539000,WAV/ASNE_/2004/09/2004-09-16-0524-53S.ASNE__008,  39.000,100,  3900,02,MV.MLGT.--.SHZ,MV.MLGT.--.SHZ,1,3.13,238.11,76.09
2004-09-16 05:24:53.539000,WAV/ASNE_/2004/09/2004-09-16-0524-53S.ASNE__008,  39.000,100,  3900,03,MV.MLYT.--.SHZ,MV.MLYT.--.SHZ,1,1.72,63.29,36.85
2004-09-16 05:24:53.539000,WAV/ASNE_/2004/09/2004-09-16-0524-53S.ASNE__008,  39.000,100,  3900,04,MV.MRYT.--.SHZ,MV.MRYT.--.SHZ,1,1.15,2440.98,2113.83
2004-09-16 05:24:53.539000,WAV/ASNE_/2004/09/2004-09-16-0524-53S.ASNE__008,  39.000,100,  3900,05,MV.MWHE.--.SHE,MV.MWHE.--.SHE,1,2.38,19.89,8.35
2004-09-16 05:24:53.539000,WAV/ASNE_/2004/09/2004-09-16-0524-53S.ASNE__008,  39.000,100,  3900,06,MV.MWHN.--.SHN,MV.MWHN.--.SHN,1,3.48,490.35,141.03
2004-09-16 05:24:53.539000,WAV/ASNE_/2004/09/2004-09-16-0524-53S.ASNE__008,  39.000,100,  3900,07,MV.MWHZ.--.SHZ,MV.MWHZ.--.SHZ,1,1.53,23.36,15.27
2004-09-16 17:05:16.835000,WAV/ASNE_/2004/09/2004-09-16-1705-16S.ASNE__008,  99.000,100,  9900,00,MV.MGHZ.--.SHZ,MV.MGHZ.--.SHZ,1,2.52,1010.87,400.42
2004-09-16 17:05:16.835000,WAV/ASNE_/2004/09/2004-09-16-1705-16S.ASNE__008,  99.000,100,  9900,01,MV.MJHT.--.SHZ,MV.MJHT.--.SHZ,1,24.16,180.03,7.45
2004-09-16 17:05:16.835000,WAV/ASNE_/2004/09/2004-09-16-1705-16S.ASNE__008,  99.000,100,  9900,02,MV.MLGT.--.SHZ,MV.MLGT.--.SHZ,1,26.76,223.03,8.33
2004-09-16 17:05:16.835000,WAV/ASNE_/2004/09/2004-09-16-1705-16S.ASNE__008,  99.000,100,  9900,03,MV.MLYT.--.SHZ,MV.MLYT.--.SHZ,1,2.39,631.70,264.41
2004-09-16 17:05:16.835000,WAV/ASNE_/2004/09/2004-09-16-1705-16S.ASNE__008,  99.000,100,  9900,04,MV.MRYT.--.SHZ,MV.MRYT.--.SHZ,1,1.19,2430.29,2048.66
2004-09-16 17:05:16.835000,WAV/ASNE_/2004/09/2004-09-16-1705-16S.ASNE__008,  99.000,100,  9900,05,MV.MWHE.--.SHE,MV.MWHE.--.SHE,1,2.51,39.88,15.90
2004-09-16 17:05:16.835000,WAV/ASNE_/2004/09/2004-09-16-1705-16S.ASNE__008,  99.000,100,  9900,06,MV.MWHN.--.SHN,MV.MWHN.--.SHN,1,3.29,454.46,138.22
2004-09-16 17:05:16.835000,WAV/ASNE_/2004/09/2004-09-16-1705-16S.ASNE__008,  99.000,100,  9900,07,MV.MWHZ.--.SHZ,MV.MWHZ.--.SHZ,1,2.74,469.90,171.66
2004-09-17 07:33:18.589000,WAV/ASNE_/2004/09/2004-09-17-0733-18S.ASNE__008,  46.000,100,  4600,00,MV.MGHZ.--.SHZ,MV.MGHZ.--.SHZ,1,1.89,549.58,290.56
2004-09-17 07:33:18.589000,WAV/ASNE_/2004/09/2004-09-17-0733-18S.ASNE__008,  46.000,100,  4600,01,MV.MJHT.--.SHZ,MV.MJHT.--.SHZ,1,4.50,190.84,42.36
2004-09-17 07:33:18.589000,WAV/ASNE_/2004/09/2004-09-17-0733-18S.ASNE__008,  46.000,100,  4600,02,MV.MLGT.--.SHZ,MV.MLGT.--.SHZ,1,4.55,241.10,52.99
2004-09-17 07:33:18.589000,WAV/ASNE_/2004/09/2004-09-17-0733-18S.ASNE__008,  46.000,100,  4600,03,MV.MLYT.--.SHZ,MV.MLYT.--.SHZ,1,2.12,177.83,83.92
2004-09-17 07:33:18.589000,WAV/ASNE_/2004/09/2004-09-17-0733-18S.ASNE__008,  46.000,100,  4600,04,MV.MRYT.--.SHZ,MV.MRYT.--.SHZ,1,1.20,2451.23,2038.11
2004-09-17 07:33:18.589000,WAV/ASNE_/2004/09/2004-09-17-0733-18S.ASNE__008,  46.000,100,  4600,05,MV.MWHE.--.SHE,MV.MWHE.--.SHE,1,2.18,16.68,7.63
2004-09-17 07:33:18.589000,WAV/ASNE_/2004/09/2004-09-17-0733-18S.ASNE__008,  46.000,100,  4600,06,MV.MWHN.--.SHN,MV.MWHN.--.SHN,1,2.67,407.27,152.64
2004-09-17 07:33:18.589000,WAV/ASNE_/2004/09/2004-09-17-0733-18S.ASNE__008,  46.000,100,  4600,07,MV.MWHZ.--.SHZ,MV.MWHZ.--.SHZ,1,2.04,46.17,22.60
2004-09-18 01:46:28.902000,WAV/ASNE_/2004/09/2004-09-18-0146-28S.ASNE__008,  37.000,100,  3700,00,MV.MGHZ.--.SHZ,MV.MGHZ.--.SHZ,1,1.71,490.01,285.85
2004-09-18 01:46:28.902000,WAV/ASNE_/2004/09/2004-09-18-0146-28S.ASNE__008,  37.000,100,  3700,01,MV.MJHT.--.SHZ,MV.MJHT.--.SHZ,1,3.13,190.94,61.00
2004-09-18 01:46:28.902000,WAV/ASNE_/2004/09/2004-09-18-0146-28S.ASNE__008,  37.000,100,  3700,02,MV.MLGT.--.SHZ,MV.MLGT.--.SHZ,1,2.93,237.15,81.00
2004-09-18 01:46:28.902000,WAV/ASNE_/2004/09/2004-09-18-0146-28S.ASNE__008,  37.000,100,  3700,03,MV.MLYT.--.SHZ,MV.MLYT.--.SHZ,1,1.88,116.63,61.90
2004-09-18 01:46:28.902000,WAV/ASNE_/2004/09/2004-09-18-0146-28S.ASNE__008,  37.000,100,  3700,04,MV.MRYT.--.SHZ,MV.MRYT.--.SHZ,1,1.24,2402.60,1931.42
2004-09-18 01:46:28.902000,WAV/ASNE_/2004/09/2004-09-18-0146-28S.ASNE__008,  37.000,100,  3700,05,MV.MWHE.--.SHE,MV.MWHE.--.SHE,1,1.99,16.95,8.52
2004-09-18 01:46:28.902000,WAV/ASNE_/2004/09/2004-09-18-0146-28S.ASNE__008,  37.000,100,  3700,06,MV.MWHN.--.SHN,MV.MWHN.--.SHN,1,2.24,415.58,185.31
2004-09-18 01:46:28.902000,WAV/ASNE_/2004/09/2004-09-18-0146-28S.ASNE__008,  37.000,100,  3700,07,MV.MWHZ.--.SHZ,MV.MWHZ.--.SHZ,1,1.53,29.66,19.37
2004-09-18 02:58:14.808000,WAV/ASNE_/2004/09/2004-09-18-0258-14S.ASNE__008,  58.000,100,  5800,00,MV.MGHZ.--.SHZ,MV.MGHZ.--.SHZ,1,1.62,370.28,228.50
2004-09-18 02:58:14.808000,WAV/ASNE_/2004/09/2004-09-18-0258-14S.ASNE__008,  58.000,100,  5800,01,MV.MJHT.--.SHZ,MV.MJHT.--.SHZ,1,10.52,186.75,17.75
2004-09-18 02:58:14.808000,WAV/ASNE_/2004/09/2004-09-18-0258-14S.ASNE__008,  58.000,100,  5800,02,MV.MLGT.--.SHZ,MV.MLGT.--.SHZ,1,9.06,232.98,25.73
2004-09-18 02:58:14.808000,WAV/ASNE_/2004/09/2004-09-18-0258-14S.ASNE__008,  58.000,100,  5800,03,MV.MLYT.--.SHZ,MV.MLYT.--.SHZ,1,1.61,233.94,144.90
2004-09-18 02:58:14.808000,WAV/ASNE_/2004/09/2004-09-18-0258-14S.ASNE__008,  58.000,100,  5800,04,MV.MRYT.--.SHZ,MV.MRYT.--.SHZ,1,1.27,2417.46,1896.90
2004-09-18 02:58:14.808000,WAV/ASNE_/2004/09/2004-09-18-0258-14S.ASNE__008,  58.000,100,  5800,05,MV.MWHE.--.SHE,MV.MWHE.--.SHE,1,1.59,15.89,9.98
2004-09-18 02:58:14.808000,WAV/ASNE_/2004/09/2004-09-18-0258-14S.ASNE__008,  58.000,100,  5800,06,MV.MWHN.--.SHN,MV.MWHN.--.SHN,1,3.49,411.30,117.87
2004-09-18 02:58:14.808000,WAV/ASNE_/2004/09/2004-09-18-0258-14S.ASNE__008,  58.000,100,  5800,07,MV.MWHZ.--.SHZ,MV.MWHZ.--.SHZ,1,1.63,64.80,39.85
2004-09-18 11:09:35.310000,WAV/ASNE_/2004/09/2004-09-18-1109-35S.ASNE__008, 263.000,100, 26300,00,MV.MGHZ.--.SHZ,MV.MGHZ.--.SHZ,1,2.76,1184.38,429.62
2004-09-18 11:09:35.310000,WAV/ASNE_/2004/09/2004-09-18-1109-35S.ASNE__008, 263.000,100, 26300,01,MV.MJHT.--.SHZ,MV.MJHT.--.SHZ,1,18.87,150.45,7.98
2004-09-18 11:09:35.310000,WAV/ASNE_/2004/09/2004-09-18-1109-35S.ASNE__008, 263.000,100, 26300,02,MV.MLGT.--.SHZ,MV.MLGT.--.SHZ,1,22.82,182.44,7.99
2004-09-18 11:09:35.310000,WAV/ASNE_/2004/09/2004-09-18-1109-35S.ASNE__008, 263.000,100, 26300,03,MV.MLYT.--.SHZ,MV.MLYT.--.SHZ,1,2.62,567.91,216.88
2004-09-18 11:09:35.310000,WAV/ASNE_/2004/09/2004-09-18-1109-35S.ASNE__008, 263.000,100, 26300,04,MV.MRYT.--.SHZ,MV.MRYT.--.SHZ,1,1.30,2436.54,1881.14
2004-09-18 11:09:35.310000,WAV/ASNE_/2004/09/2004-09-18-1109-35S.ASNE__008, 263.000,100, 26300,05,MV.MWHE.--.SHE,MV.MWHE.--.SHE,1,1.96,35.65,18.16
2004-09-18 11:09:35.310000,WAV/ASNE_/2004/09/2004-09-18-1109-35S.ASNE__008, 263.000,100, 26300,06,MV.MWHN.--.SHN,MV.MWHN.--.SHN,1,3.80,426.16,112.14
2004-09-18 11:09:35.310000,WAV/ASNE_/2004/09/2004-09-18-1109-35S.ASNE__008, 263.000,100, 26300,07,MV.MWHZ.--.SHZ,MV.MWHZ.--.SHZ,1,2.03,405.95,200.12
2004-09-18 14:45:10.019000,WAV/ASNE_/2004/09/2004-09-18-1445-10S.ASNE__008,  30.000,100,  3000,00,MV.MGHZ.--.SHZ,MV.MGHZ.--.SHZ,1,2.20,259.41,118.11
2004-09-18 14:45:10.019000,WAV/ASNE_/2004/09/2004-09-18-1445-10S.ASNE__008,  30.000,100,  3000,01,MV.MJHT.--.SHZ,MV.MJHT.--.SHZ,1,2.31,191.25,82.91
2004-09-18 14:45:10.019000,WAV/ASNE_/2004/09/2004-09-18-1445-10S.ASNE__008,  30.000,100,  3000,02,MV.MLGT.--.SHZ,MV.MLGT.--.SHZ,1,2.18,236.26,108.46
2004-09-18 14:45:10.019000,WAV/ASNE_/2004/09/2004-09-18-1445-10S.ASNE__008,  30.000,100,  3000,03,MV.MLYT.--.SHZ,MV.MLYT.--.SHZ,1,3.56,179.36,50.41
2004-09-18 14:45:10.019000,WAV/ASNE_/2004/09/2004-09-18-1445-10S.ASNE__008,  30.000,100,  3000,04,MV.MRYT.--.SHZ,MV.MRYT.--.SHZ,1,1.24,2429.06,1957.50
2004-09-18 14:45:10.019000,WAV/ASNE_/2004/09/2004-09-18-1445-10S.ASNE__008,  30.000,100,  3000,05,MV.MWHE.--.SHE,MV.MWHE.--.SHE,1,2.14,19.81,9.25
2004-09-18 14:45:10.019000,WAV/ASNE_/2004/09/2004-09-18-1445-10S.ASNE__008,  30.000,100,  3000,06,MV.MWHN.--.SHN,MV.MWHN.--.SHN,1,2.69,412.22,152.99
2004-09-18 14:45:10.019000,WAV/ASNE_/2004/09/2004-09-18-1445-10S.ASNE__008,  30.000,100,  3000,07,MV.MWHZ.--.SHZ,MV.MWHZ.--.SHZ,1,3.02,82.94,27.47
2004-09-18 16:24:29.503000,WAV/ASNE_/2004/09/2004-09-18-1624-29S.ASNE__008,  98.000,100,  9800,00,MV.MGHZ.--.SHZ,MV.MGHZ.--.SHZ,1,2.06,688.46,333.94
2004-09-18 16:24:29.503000,WAV/ASNE_/2004/09/2004-09-18-1624-29S.ASNE__008,  98.000,100,  9800,01,MV.MJHT.--.SHZ,MV.MJHT.--.SHZ,1,19.84,176.63,8.90
2004-09-18 16:24:29.503000,WAV/ASNE_/2004/09/2004-09-18-1624-29S.ASNE__008,  98.000,100,  9800,02,MV.MLGT.--.SHZ,MV.MLGT.--.SHZ,1,25.10,224.30,8.94
2004-09-18 16:24:29.503000,WAV/ASNE_/2004/09/2004-09-18-1624-29S.ASNE__008,  98.000,100,  9800,03,MV.MLYT.--.SHZ,MV.MLYT.--.SHZ,1,2.10,412.42,196.43
2004-09-18 16:24:29.503000,WAV/ASNE_/2004/09/2004-09-18-1624-29S.ASNE__008,  98.000,100,  9800,04,MV.MRYT.--.SHZ,MV.MRYT.--.SHZ,1,1.35,2537.80,1877.84
2004-09-18 16:24:29.503000,WAV/ASNE_/2004/09/2004-09-18-1624-29S.ASNE__008,  98.000,100,  9800,05,MV.MWHE.--.SHE,MV.MWHE.--.SHE,1,2.13,33.99,15.93
2004-09-18 16:24:29.503000,WAV/ASNE_/2004/09/2004-09-18-1624-29S.ASNE__008,  98.000,100,  9800,06,MV.MWHN.--.SHN,MV.MWHN.--.SHN,1,3.13,423.01,135.19
2004-09-18 16:24:29.503000,WAV/ASNE_/2004/09/2004-09-18-1624-29S.ASNE__008,  98.000,100,  9800,07,MV.MWHZ.--.SHZ,MV.MWHZ.--.SHZ,1,2.33,377.86,162.05
2004-09-19 01:07:11.532000,WAV/ASNE_/2004/09/2004-09-19-0107-11S.ASNE__008,  44.000,100,  4400,00,MV.MGHZ.--.SHZ,MV.MGHZ.--.SHZ,1,1.83,762.20,415.99
2004-09-19 01:07:11.532000,WAV/ASNE_/2004/09/2004-09-19-0107-11S.ASNE__008,  44.000,100,  4400,01,MV.MJHT.--.SHZ,MV.MJHT.--.SHZ,1,2.24,1617.45,723.68
2004-09-19 01:07:11.532000,WAV/ASNE_/2004/09/2004-09-19-0107-11S.ASNE__008,  44.000,100,  4400,02,MV.MLGT.--.SHZ,MV.MLGT.--.SHZ,1,4.18,239.91,57.39
2004-09-19 01:07:11.532000,WAV/ASNE_/2004/09/2004-09-19-0107-11S.ASNE__008,  44.000,100,  4400,03,MV.MLYT.--.SHZ,MV.MLYT.--.SHZ,1,2.13,230.67,108.54
2004-09-19 01:07:11.532000,WAV/ASNE_/2004/09/2004-09-19-0107-11S.ASNE__008,  44.000,100,  4400,04,MV.MRYT.--.SHZ,MV.MRYT.--.SHZ,1,1.27,2377.94,1872.66
2004-09-19 01:07:11.532000,WAV/ASNE_/2004/09/2004-09-19-0107-11S.ASNE__008,  44.000,100,  4400,05,MV.MWHE.--.SHE,MV.MWHE.--.SHE,1,2.00,15.91,7.94
2004-09-19 01:07:11.532000,WAV/ASNE_/2004/09/2004-09-19-0107-11S.ASNE__008,  44.000,100,  4400,06,MV.MWHN.--.SHN,MV.MWHN.--.SHN,1,3.70,449.36,121.49
2004-09-19 01:07:11.532000,WAV/ASNE_/2004/09/2004-09-19-0107-11S.ASNE__008,  44.000,100,  4400,07,MV.MWHZ.--.SHZ,MV.MWHZ.--.SHZ,1,1.78,44.86,25.19
2004-09-19 07:33:43.631000,WAV/ASNE_/2004/09/2004-09-19-0733-43S.ASNE__008,  69.000,100,  6900,00,MV.MGHZ.--.SHZ,MV.MGHZ.--.SHZ,1,1.90,164.76,86.56
2004-09-19 07:33:43.631000,WAV/ASNE_/2004/09/2004-09-19-0733-43S.ASNE__008,  69.000,100,  6900,01,MV.MJHT.--.SHZ,MV.MJHT.--.SHZ,1,1.40,1045.78,747.13
2004-09-19 07:33:43.631000,WAV/ASNE_/2004/09/2004-09-19-0733-43S.ASNE__008,  69.000,100,  6900,02,MV.MLGT.--.SHZ,MV.MLGT.--.SHZ,1,15.77,231.35,14.67
2004-09-19 07:33:43.631000,WAV/ASNE_/2004/09/2004-09-19-0733-43S.ASNE__008,  69.000,100,  6900,03,MV.MLYT.--.SHZ,MV.MLYT.--.SHZ,1,1.67,104.41,62.70
2004-09-19 07:33:43.631000,WAV/ASNE_/2004/09/2004-09-19-0733-43S.ASNE__008,  69.000,100,  6900,04,MV.MRYT.--.SHZ,MV.MRYT.--.SHZ,1,1.32,2441.95,1852.67
2004-09-19 07:33:43.631000,WAV/ASNE_/2004/09/2004-09-19-0733-43S.ASNE__008,  69.000,100,  6900,05,MV.MWHE.--.SHE,MV.MWHE.--.SHE,1,1.60,15.87,9.92
2004-09-19 07:33:43.631000,WAV/ASNE_/2004/09/2004-09-19-0733-43S.ASNE__008,  69.000,100,  6900,06,MV.MWHN.--.SHN,MV.MWHN.--.SHN,1,2.44,409.65,168.02
2004-09-19 07:33:43.631000,WAV/ASNE_/2004/09/2004-09-19-0733-43S.ASNE__008,  69.000,100,  6900,07,MV.MWHZ.--.SHZ,MV.MWHZ.--.SHZ,1,1.88,88.90,47.22
2004-09-19 18:49:49.306999,WAV/ASNE_/2004/09/2004-09-19-1849-49S.ASNE__008,  83.000,100,  8300,00,MV.MGHZ.--.SHZ,MV.MGHZ.--.SHZ,1,2.21,342.08,154.88
2004-09-19 18:49:49.306999,WAV/ASNE_/2004/09/2004-09-19-1849-49S.ASNE__008,  83.000,100,  8300,01,MV.MJHT.--.SHZ,MV.MJHT.--.SHZ,1,2.03,1157.66,571.08
2004-09-19 18:49:49.306999,WAV/ASNE_/2004/09/2004-09-19-1849-49S.ASNE__008,  83.000,100,  8300,02,MV.MLGT.--.SHZ,MV.MLGT.--.SHZ,1,23.92,225.26,9.42
2004-09-19 18:49:49.306999,WAV/ASNE_/2004/09/2004-09-19-1849-49S.ASNE__008,  83.000,100,  8300,03,MV.MLYT.--.SHZ,MV.MLYT.--.SHZ,1,1.92,150.36,78.26
2004-09-19 18:49:49.306999,WAV/ASNE_/2004/09/2004-09-19-1849-49S.ASNE__008,  83.000,100,  8300,04,MV.MRYT.--.SHZ,MV.MRYT.--.SHZ,1,1.26,2395.62,1905.02
2004-09-19 18:49:49.306999,WAV/ASNE_/2004/09/2004-09-19-1849-49S.ASNE__008,  83.000,100,  8300,05,MV.MWHE.--.SHE,MV.MWHE.--.SHE,1,1.72,16.41,9.56
2004-09-19 18:49:49.306999,WAV/ASNE_/2004/09/2004-09-19-1849-49S.ASNE__008,  83.000,100,  8300,06,MV.MWHN.--.SHN,MV.MWHN.--.SHN,1,3.59,415.92,115.95
2004-09-19 18:49:49.306999,WAV/ASNE_/2004/09/2004-09-19-1849-49S.ASNE__008,  83.000,100,  8300,07,MV.MWHZ.--.SHZ,MV.MWHZ.--.SHZ,1,2.16,121.43,56.13
2004-09-19 22:18:59.115999,WAV/ASNE_/2004/09/2004-09-19-2218-59S.ASNE__008,  97.000,100,  9700,00,MV.MGHZ.--.SHZ,MV.MGHZ.--.SHZ,1,3.09,1456.08,471.26
2004-09-19 22:18:59.115999,WAV/ASNE_/2004/09/2004-09-19-2218-59S.ASNE__008,  97.000,100,  9700,01,MV.MJHT.--.SHZ,MV.MJHT.--.SHZ,1,1.74,1413.30,812.64
2004-09-19 22:18:59.115999,WAV/ASNE_/2004/09/2004-09-19-2218-59S.ASNE__008,  97.000,100,  9700,02,MV.MLGT.--.SHZ,MV.MLGT.--.SHZ,1,25.04,225.98,9.02
2004-09-19 22:18:59.115999,WAV/ASNE_/2004/09/2004-09-19-2218-59S.ASNE__008,  97.000,100,  9700,03,MV.MLYT.--.SHZ,MV.MLYT.--.SHZ,1,2.73,943.02,345.88
2004-09-19 22:18:59.115999,WAV/ASNE_/2004/09/2004-09-19-2218-59S.ASNE__008,  97.000,100,  9700,04,MV.MRYT.--.SHZ,MV.MRYT.--.SHZ,1,1.35,2526.17,1872.90
2004-09-19 22:18:59.115999,WAV/ASNE_/2004/09/2004-09-19-2218-59S.ASNE__008,  97.000,100,  9700,05,MV.MWHE.--.SHE,MV.MWHE.--.SHE,1,3.68,67.12,18.25
2004-09-19 22:18:59.115999,WAV/ASNE_/2004/09/2004-09-19-2218-59S.ASNE__008,  97.000,100,  9700,06,MV.MWHN.--.SHN,MV.MWHN.--.SHN,1,2.82,425.10,150.93
2004-09-19 22:18:59.115999,WAV/ASNE_/2004/09/2004-09-19-2218-59S.ASNE__008,  97.000,100,  9700,07,MV.MWHZ.--.SHZ,MV.MWHZ.--.SHZ,1,3.98,828.00,208.17
2004-09-20 20:33:53.736000,WAV/ASNE_/2004/09/2004-09-20-2033-53S.ASNE__008,  53.000,100,  5300,00,MV.MGHZ.--.SHZ,MV.MGHZ.--.SHZ,1,2.18,260.09,119.40
2004-09-20 20:33:53.736000,WAV/ASNE_/2004/09/2004-09-20-2033-53S.ASNE__008,  53.000,100,  5300,01,MV.MJHT.--.SHZ,MV.MJHT.--.SHZ,1,6.19,164.48,26.59
2004-09-20 20:33:53.736000,WAV/ASNE_/2004/09/2004-09-20-2033-53S.ASNE__008,  53.000,100,  5300,02,MV.MLGT.--.SHZ,MV.MLGT.--.SHZ,1,6.52,233.57,35.82
2004-09-20 20:33:53.736000,WAV/ASNE_/2004/09/2004-09-20-2033-53S.ASNE__008,  53.000,100,  5300,03,MV.MLYT.--.SHZ,MV.MLYT.--.SHZ,1,2.07,217.55,105.29
2004-09-20 20:33:53.736000,WAV/ASNE_/2004/09/2004-09-20-2033-53S.ASNE__008,  53.000,100,  5300,04,MV.MRYT.--.SHZ,MV.MRYT.--.SHZ,1,1.29,2479.01,1918.16
2004-09-20 20:33:53.736000,WAV/ASNE_/2004/09/2004-09-20-2033-53S.ASNE__008,  53.000,100,  5300,05,MV.MWHE.--.SHE,MV.MWHE.--.SHE,1,1.48,22.96,15.48
2004-09-20 20:33:53.736000,WAV/ASNE_/2004/09/2004-09-20-2033-53S.ASNE__008,  53.000,100,  5300,06,MV.MWHN.--.SHN,MV.MWHN.--.SHN,1,2.78,407.99,146.92
2004-09-20 20:33:53.736000,WAV/ASNE_/2004/09/2004-09-20-2033-53S.ASNE__008,  53.000,100,  5300,07,MV.MWHZ.--.SHZ,MV.MWHZ.--.SHZ,1,1.72,46.80,27.17
2004-09-21 08:00:59.266000,WAV/ASNE_/2004/09/2004-09-21-0800-59S.ASNE__008,  43.000,100,  4300,00,MV.MGHZ.--.SHZ,MV.MGHZ.--.SHZ,1,2.41,732.91,304.39
2004-09-21 08:00:59.266000,WAV/ASNE_/2004/09/2004-09-21-0800-59S.ASNE__008,  43.000,100,  4300,01,MV.MJHT.--.SHZ,MV.MJHT.--.SHZ,1,1.66,1367.65,822.80
2004-09-21 08:00:59.266000,WAV/ASNE_/2004/09/2004-09-21-0800-59S.ASNE__008,  43.000,100,  4300,02,MV.MLGT.--.SHZ,MV.MLGT.--.SHZ,1,4.00,239.20,59.83
2004-09-21 08:00:59.266000,WAV/ASNE_/2004/09/2004-09-21-0800-59S.ASNE__008,  43.000,100,  4300,03,MV.MLYT.--.SHZ,MV.MLYT.--.SHZ,1,2.04,176.47,86.49
2004-09-21 08:00:59.266000,WAV/ASNE_/2004/09/2004-09-21-0800-59S.ASNE__008,  43.000,100,  4300,04,MV.MRYT.--.SHZ,MV.MRYT.--.SHZ,1,1.31,2409.94,1845.34
2004-09-21 08:00:59.266000,WAV/ASNE_/2004/09/2004-09-21-0800-59S.ASNE__008,  43.000,100,  4300,05,MV.MWHE.--.SHE,MV.MWHE.--.SHE,1,1.57,14.94,9.50
2004-09-21 08:00:59.266000,WAV/ASNE_/2004/09/2004-09-21-0800-59S.ASNE__008,  43.000,100,  4300,06,MV.MWHN.--.SHN,MV.MWHN.--.SHN,1,2.77,406.03,146.33
2004-09-21 08:00:59.266000,WAV/ASNE_/2004/09/2004-09-21-0800-59S.ASNE__008,  43.000,100,  4300,07,MV.MWHZ.--.SHZ,MV.MWHZ.--.SHZ,1,1.84,38.35,20.80
2004-09-22 14:29:00.342999,WAV/ASNE_/2004/09/2004-09-22-1429-00S.ASNE__008,  99.000,100,  9900,00,MV.MGHZ.--.SHZ,MV.MGHZ.--.SHZ,1,2.08,748.04,360.29
2004-09-22 14:29:00.342999,WAV/ASNE_/2004/09/2004-09-22-1429-00S.ASNE__008,  99.000,100,  9900,01,MV.MJHT.--.SHZ,MV.MJHT.--.SHZ,1,3.30,995.63,301.36
2004-09-22 14:29:00.342999,WAV/ASNE_/2004/09/2004-09-22-1429-00S.ASNE__008,  99.000,100,  9900,02,MV.MLGT.--.SHZ,MV.MLGT.--.SHZ,1,27.48,225.62,8.21
2004-09-22 14:29:00.342999,WAV/ASNE_/2004/09/2004-09-22-1429-00S.ASNE__008,  99.000,100,  9900,03,MV.MLYT.--.SHZ,MV.MLYT.--.SHZ,1,2.21,539.14,243.47
2004-09-22 14:29:00.342999,WAV/ASNE_/2004/09/2004-09-22-1429-00S.ASNE__008,  99.000,100,  9900,04,MV.MRYT.--.SHZ,MV.MRYT.--.SHZ,1,1.29,2441.07,1892.20
2004-09-22 14:29:00.342999,WAV/ASNE_/2004/09/2004-09-22-1429-00S.ASNE__008,  99.000,100,  9900,05,MV.MWHE.--.SHE,MV.MWHE.--.SHE,1,2.08,35.08,16.90
2004-09-22 14:29:00.342999,WAV/ASNE_/2004/09/2004-09-22-1429-00S.ASNE__008,  99.000,100,  9900,06,MV.MWHN.--.SHN,MV.MWHN.--.SHN,1,3.19,422.48,132.42
2004-09-22 14:29:00.342999,WAV/ASNE_/2004/09/2004-09-22-1429-00S.ASNE__008,  99.000,100,  9900,07,MV.MWHZ.--.SHZ,MV.MWHZ.--.SHZ,1,2.20,382.63,174.15
2004-09-23 03:11:19.713000,WAV/ASNE_/2004/09/2004-09-23-0311-19S.ASNE__008,  34.000,100,  3400,00,MV.MGHZ.--.SHZ,MV.MGHZ.--.SHZ,1,1.95,190.25,97.60
2004-09-23 03:11:19.713000,WAV/ASNE_/2004/09/2004-09-23-0311-19S.ASNE__008,  34.000,100,  3400,01,MV.MJHT.--.SHZ,MV.MJHT.--.SHZ,1,1.61,1322.84,820.26
2004-09-23 03:11:19.713000,WAV/ASNE_/2004/09/2004-09-23-0311-19S.ASNE__008,  34.000,100,  3400,02,MV.MLGT.--.SHZ,MV.MLGT.--.SHZ,1,2.60,239.33,91.97
2004-09-23 03:11:19.713000,WAV/ASNE_/2004/09/2004-09-23-0311-19S.ASNE__008,  34.000,100,  3400,03,MV.MLYT.--.SHZ,MV.MLYT.--.SHZ,1,3.22,331.00,102.70
2004-09-23 03:11:19.713000,WAV/ASNE_/2004/09/2004-09-23-0311-19S.ASNE__008,  34.000,100,  3400,04,MV.MRYT.--.SHZ,MV.MRYT.--.SHZ,1,1.29,2370.27,1834.53
2004-09-23 03:11:19.713000,WAV/ASNE_/2004/09/2004-09-23-0311-19S.ASNE__008,  34.000,100,  3400,05,MV.MWHE.--.SHE,MV.MWHE.--.SHE,1,2.29,18.63,8.12
2004-09-23 03:11:19.713000,WAV/ASNE_/2004/09/2004-09-23-0311-19S.ASNE__008,  34.000,100,  3400,06,MV.MWHN.--.SHN,MV.MWHN.--.SHN,1,2.99,435.89,145.83
2004-09-23 03:11:19.713000,WAV/ASNE_/2004/09/2004-09-23-0311-19S.ASNE__008,  34.000,100,  3400,07,MV.MWHZ.--.SHZ,MV.MWHZ.--.SHZ,1,3.57,236.93,66.41
2004-09-23 12:36:13.096000,WAV/ASNE_/2004/09/2004-09-23-1236-13S.ASNE__008,  55.000,100,  5500,00,MV.MGHZ.--.SHZ,MV.MGHZ.--.SHZ,1,1.68,217.49,129.28
2004-09-23 12:36:13.096000,WAV/ASNE_/2004/09/2004-09-23-1236-13S.ASNE__008,  55.000,100,  5500,01,MV.MJHT.--.SHZ,MV.MJHT.--.SHZ,1,1.63,1307.73,800.60
2004-09-23 12:36:13.096000,WAV/ASNE_/2004/09/2004-09-23-1236-13S.ASNE__008,  55.000,100,  5500,02,MV.MLGT.--.SHZ,MV.MLGT.--.SHZ,1,7.60,233.29,30.70
2004-09-23 12:36:13.096000,WAV/ASNE_/2004/09/2004-09-23-1236-13S.ASNE__008,  55.000,100,  5500,03,MV.MLYT.--.SHZ,MV.MLYT.--.SHZ,1,2.05,213.31,104.18
2004-09-23 12:36:13.096000,WAV/ASNE_/2004/09/2004-09-23-1236-13S.ASNE__008,  55.000,100,  5500,04,MV.MRYT.--.SHZ,MV.MRYT.--.SHZ,1,1.22,2404.56,1971.18
2004-09-23 12:36:13.096000,WAV/ASNE_/2004/09/2004-09-23-1236-13S.ASNE__008,  55.000,100,  5500,05,MV.MWHE.--.SHE,MV.MWHE.--.SHE,1,1.94,15.31,7.90
2004-09-23 12:36:13.096000,WAV/ASNE_/2004/09/2004-09-23-1236-13S.ASNE__008,  55.000,100,  5500,06,MV.MWHN.--.SHN,MV.MWHN.--.SHN,1,3.63,413.13,113.72
2004-09-23 12:36:13.096000,WAV/ASNE_/2004/09/2004-09-23-1236-13S.ASNE__008,  55.000,100,  5500,07,MV.MWHZ.--.SHZ,MV.MWHZ.--.SHZ,1,1.62,44.02,27.10
2004-09-24 03:28:10.505000,WAV/ASNE_/2004/09/2004-09-24-0328-10S.ASNE__008, 101.000,100, 10100,00,MV.MGHZ.--.SHZ,MV.MGHZ.--.SHZ,1,2.09,251.56,120.63
2004-09-24 03:28:10.505000,WAV/ASNE_/2004/09/2004-09-24-0328-10S.ASNE__008, 101.000,100, 10100,01,MV.MJHT.--.SHZ,MV.MJHT.--.SHZ,1,1.71,1337.03,782.64
2004-09-24 03:28:10.505000,WAV/ASNE_/2004/09/2004-09-24-0328-10S.ASNE__008, 101.000,100, 10100,02,MV.MLGT.--.SHZ,MV.MLGT.--.SHZ,1,30.59,225.30,7.36
2004-09-24 03:28:10.505000,WAV/ASNE_/2004/09/2004-09-24-0328-10S.ASNE__008, 101.000,100, 10100,03,MV.MLYT.--.SHZ,MV.MLYT.--.SHZ,1,2.57,166.52,64.68
2004-09-24 03:28:10.505000,WAV/ASNE_/2004/09/2004-09-24-0328-10S.ASNE__008, 101.000,100, 10100,04,MV.MRYT.--.SHZ,MV.MRYT.--.SHZ,1,1.33,2442.95,1843.11
2004-09-24 03:28:10.505000,WAV/ASNE_/2004/09/2004-09-24-0328-10S.ASNE__008, 101.000,100, 10100,05,MV.MWHE.--.SHE,MV.MWHE.--.SHE,1,1.98,15.95,8.04
2004-09-24 03:28:10.505000,WAV/ASNE_/2004/09/2004-09-24-0328-10S.ASNE__008, 101.000,100, 10100,06,MV.MWHN.--.SHN,MV.MWHN.--.SHN,1,3.09,419.03,135.80
2004-09-24 03:28:10.505000,WAV/ASNE_/2004/09/2004-09-24-0328-10S.ASNE__008, 101.000,100, 10100,07,MV.MWHZ.--.SHZ,MV.MWHZ.--.SHZ,1,2.29,143.69,62.79
2004-09-24 09:09:16.303999,WAV/ASNE_/2004/09/2004-09-24-0909-16S.ASNE__008,  34.000,100,  3400,00,MV.MGHZ.--.SHZ,MV.MGHZ.--.SHZ,1,2.06,110.10,53.44
2004-09-24 09:09:16.303999,WAV/ASNE_/2004/09/2004-09-24-0909-16S.ASNE__008,  34.000,100,  3400,01,MV.MJHT.--.SHZ,MV.MJHT.--.SHZ,1,1.62,1387.66,857.57
2004-09-24 09:09:16.303999,WAV/ASNE_/2004/09/2004-09-24-0909-16S.ASNE__008,  34.000,100,  3400,02,MV.MLGT.--.SHZ,MV.MLGT.--.SHZ,1,2.53,236.96,93.53
2004-09-24 09:09:16.303999,WAV/ASNE_/2004/09/2004-09-24-0909-16S.ASNE__008,  34.000,100,  3400,03,MV.MLYT.--.SHZ,MV.MLYT.--.SHZ,1,1.85,77.15,41.69
2004-09-24 09:09:16.303999,WAV/ASNE_/2004/09/2004-09-24-0909-16S.ASNE__008,  34.000,100,  3400,04,MV.MRYT.--.SHZ,MV.MRYT.--.SHZ,1,1.19,2379.29,1992.37
2004-09-24 09:09:16.303999,WAV/ASNE_/2004/09/2004-09-24-0909-16S.ASNE__008,  34.000,100,  3400,05,MV.MWHE.--.SHE,MV.MWHE.--.SHE,1,2.40,17.72,7.38
2004-09-24 09:09:16.303999,WAV/ASNE_/2004/09/2004-09-24-0909-16S.ASNE__008,  34.000,100,  3400,06,MV.MWHN.--.SHN,MV.MWHN.--.SHN,1,3.20,437.14,136.60
2004-09-24 09:09:16.303999,WAV/ASNE_/2004/09/2004-09-24-0909-16S.ASNE__008,  34.000,100,  3400,07,MV.MWHZ.--.SHZ,MV.MWHZ.--.SHZ,1,2.28,57.69,25.35
2004-09-24 10:50:13.765000,WAV/ASNE_/2004/09/2004-09-24-1050-13S.ASNE__008, 143.000,100, 14300,00,MV.MGHZ.--.SHZ,MV.MGHZ.--.SHZ,1,1.17,1608.68,1376.76
2004-09-24 10:50:13.765000,WAV/ASNE_/2004/09/2004-09-24-1050-13S.ASNE__008, 143.000,100, 14300,01,MV.MJHT.--.SHZ,MV.MJHT.--.SHZ,1,1.81,1429.77,787.84
2004-09-24 10:50:13.765000,WAV/ASNE_/2004/09/2004-09-24-1050-13S.ASNE__008, 143.000,100, 14300,02,MV.MLGT.--.SHZ,MV.MLGT.--.SHZ,1,25.68,209.93,8.18
2004-09-24 10:50:13.765000,WAV/ASNE_/2004/09/2004-09-24-1050-13S.ASNE__008, 143.000,100, 14300,03,MV.MLYT.--.SHZ,MV.MLYT.--.SHZ,1,1.77,1474.35,834.48
2004-09-24 10:50:13.765000,WAV/ASNE_/2004/09/2004-09-24-1050-13S.ASNE__008, 143.000,100, 14300,04,MV.MRYT.--.SHZ,MV.MRYT.--.SHZ,1,1.34,2475.50,1847.23
2004-09-24 10:50:13.765000,WAV/ASNE_/2004/09/2004-09-24-1050-13S.ASNE__008, 143.000,100, 14300,05,MV.MWHE.--.SHE,MV.MWHE.--.SHE,1,2.23,113.24,50.85
2004-09-24 10:50:13.765000,WAV/ASNE_/2004/09/2004-09-24-1050-13S.ASNE__008, 143.000,100, 14300,06,MV.MWHN.--.SHN,MV.MWHN.--.SHN,1,2.14,431.54,202.07
2004-09-24 10:50:13.765000,WAV/ASNE_/2004/09/2004-09-24-1050-13S.ASNE__008, 143.000,100, 14300,07,MV.MWHZ.--.SHZ,MV.MWHZ.--.SHZ,1,1.88,1256.82,666.76
2004-09-24 21:15:49.232000,WAV/ASNE_/2004/09/2004-09-24-2115-49S.ASNE__008,  47.000,100,  4700,00,MV.MGHZ.--.SHZ,MV.MGHZ.--.SHZ,1,1.13,1641.50,1450.60
2004-09-24 21:15:49.232000,WAV/ASNE_/2004/09/2004-09-24-2115-49S.ASNE__008,  47.000,100,  4700,01,MV.MJHT.--.SHZ,MV.MJHT.--.SHZ,1,1.83,1530.56,835.00
2004-09-24 21:15:49.232000,WAV/ASNE_/2004/09/2004-09-24-2115-49S.ASNE__008,  47.000,100,  4700,02,MV.MLGT.--.SHZ,MV.MLGT.--.SHZ,1,4.64,232.38,50.13
2004-09-24 21:15:49.232000,WAV/ASNE_/2004/09/2004-09-24-2115-49S.ASNE__008,  47.000,100,  4700,03,MV.MLYT.--.SHZ,MV.MLYT.--.SHZ,1,2.72,1295.67,475.60
2004-09-24 21:15:49.232000,WAV/ASNE_/2004/09/2004-09-24-2115-49S.ASNE__008,  47.000,100,  4700,04,MV.MRYT.--.SHZ,MV.MRYT.--.SHZ,1,1.29,2456.32,1907.15
2004-09-24 21:15:49.232000,WAV/ASNE_/2004/09/2004-09-24-2115-49S.ASNE__008,  47.000,100,  4700,05,MV.MWHE.--.SHE,MV.MWHE.--.SHE,1,2.98,52.27,17.57
2004-09-24 21:15:49.232000,WAV/ASNE_/2004/09/2004-09-24-2115-49S.ASNE__008,  47.000,100,  4700,06,MV.MWHN.--.SHN,MV.MWHN.--.SHN,1,2.41,452.40,187.99
2004-09-24 21:15:49.232000,WAV/ASNE_/2004/09/2004-09-24-2115-49S.ASNE__008,  47.000,100,  4700,07,MV.MWHZ.--.SHZ,MV.MWHZ.--.SHZ,1,3.81,543.80,142.55
2004-09-26 12:06:20.658000,WAV/ASNE_/2004/09/2004-09-26-1206-20S.ASNE__008,  59.000,100,  5900,00,MV.MGHZ.--.SHZ,MV.MGHZ.--.SHZ,1,1.56,244.42,156.42
2004-09-26 12:06:20.658000,WAV/ASNE_/2004/09/2004-09-26-1206-20S.ASNE__008,  59.000,100,  5900,01,MV.MJHT.--.SHZ,MV.MJHT.--.SHZ,1,1.74,1435.91,825.09
2004-09-26 12:06:20.658000,WAV/ASNE_/2004/09/2004-09-26-1206-20S.ASNE__008,  59.000,100,  5900,02,MV.MLGT.--.SHZ,MV.MLGT.--.SHZ,1,10.92,233.75,21.41
2004-09-26 12:06:20.658000,WAV/ASNE_/2004/09/2004-09-26-1206-20S.ASNE__008,  59.000,100,  5900,03,MV.MLYT.--.SHZ,MV.MLYT.--.SHZ,1,1.58,178.07,112.98
2004-09-26 12:06:20.658000,WAV/ASNE_/2004/09/2004-09-26-1206-20S.ASNE__008,  59.000,100,  5900,04,MV.MRYT.--.SHZ,MV.MRYT.--.SHZ,1,1.36,2478.89,1829.03
2004-09-26 12:06:20.658000,WAV/ASNE_/2004/09/2004-09-26-1206-20S.ASNE__008,  59.000,100,  5900,05,MV.MWHE.--.SHE,MV.MWHE.--.SHE,1,2.16,17.25,7.97
2004-09-26 12:06:20.658000,WAV/ASNE_/2004/09/2004-09-26-1206-20S.ASNE__008,  59.000,100,  5900,06,MV.MWHN.--.SHN,MV.MWHN.--.SHN,1,2.67,449.81,168.76
2004-09-26 12:06:20.658000,WAV/ASNE_/2004/09/2004-09-26-1206-20S.ASNE__008,  59.000,100,  5900,07,MV.MWHZ.--.SHZ,MV.MWHZ.--.SHZ,1,1.66,53.61,32.34
2004-09-26 15:33:09.496000,WAV/ASNE_/2004/09/2004-09-26-1533-09S.ASNE__008,  84.000,100,  8400,00,MV.MGHZ.--.SHZ,MV.MGHZ.--.SHZ,1,3.04,537.05,176.75
2004-09-26 15:33:09.496000,WAV/ASNE_/2004/09/2004-09-26-1533-09S.ASNE__008,  84.000,100,  8400,01,MV.MJHT.--.SHZ,MV.MJHT.--.SHZ,1,1.66,1416.42,851.01
2004-09-26 15:33:09.496000,WAV/ASNE_/2004/09/2004-09-26-1533-09S.ASNE__008,  84.000,100,  8400,02,MV.MLGT.--.SHZ,MV.MLGT.--.SHZ,1,22.93,229.50,10.01
2004-09-26 15:33:09.496000,WAV/ASNE_/2004/09/2004-09-26-1533-09S.ASNE__008,  84.000,100,  8400,03,MV.MLYT.--.SHZ,MV.MLYT.--.SHZ,1,2.48,278.93,112.32
2004-09-26 15:33:09.496000,WAV/ASNE_/2004/09/2004-09-26-1533-09S.ASNE__008,  84.000,100,  8400,04,MV.MRYT.--.SHZ,MV.MRYT.--.SHZ,1,1.25,2352.82,1879.32
2004-09-26 15:33:09.496000,WAV/ASNE_/2004/09/2004-09-26-1533-09S.ASNE__008,  84.000,100,  8400,05,MV.MWHE.--.SHE,MV.MWHE.--.SHE,1,2.50,24.84,9.93
2004-09-26 15:33:09.496000,WAV/ASNE_/2004/09/2004-09-26-1533-09S.ASNE__008,  84.000,100,  8400,06,MV.MWHN.--.SHN,MV.MWHN.--.SHN,1,3.25,407.12,125.19
2004-09-26 15:33:09.496000,WAV/ASNE_/2004/09/2004-09-26-1533-09S.ASNE__008,  84.000,100,  8400,07,MV.MWHZ.--.SHZ,MV.MWHZ.--.SHZ,1,2.90,275.50,94.84
2004-09-28 17:51:36.454000,WAV/ASNE_/2004/09/2004-09-28-1751-36S.ASNE__008,  48.000,100,  4800,00,MV.MGHZ.--.SHZ,MV.MGHZ.--.SHZ,1,1.57,214.78,136.75
2004-09-28 17:51:36.454000,WAV/ASNE_/2004/09/2004-09-28-1751-36S.ASNE__008,  48.000,100,  4800,01,MV.MJHT.--.SHZ,MV.MJHT.--.SHZ,1,1.64,953.12,582.01
2004-09-28 17:51:36.454000,WAV/ASNE_/2004/09/2004-09-28-1751-36S.ASNE__008,  48.000,100,  4800,02,MV.MLGT.--.SHZ,MV.MLGT.--.SHZ,1,4.93,235.51,47.81
2004-09-28 17:51:36.454000,WAV/ASNE_/2004/09/2004-09-28-1751-36S.ASNE__008,  48.000,100,  4800,03,MV.MLYT.--.SHZ,MV.MLYT.--.SHZ,1,1.75,184.80,105.83
2004-09-28 17:51:36.454000,WAV/ASNE_/2004/09/2004-09-28-1751-36S.ASNE__008,  48.000,100,  4800,04,MV.MRYT.--.SHZ,MV.MRYT.--.SHZ,1,1.35,2418.75,1796.55
2004-09-28 17:51:36.454000,WAV/ASNE_/2004/09/2004-09-28-1751-36S.ASNE__008,  48.000,100,  4800,05,MV.MWHE.--.SHE,MV.MWHE.--.SHE,1,1.69,13.51,7.98
2004-09-28 17:51:36.454000,WAV/ASNE_/2004/09/2004-09-28-1751-36S.ASNE__008,  48.000,100,  4800,06,MV.MWHN.--.SHN,MV.MWHN.--.SHN,1,2.23,413.68,185.78
2004-09-28 17:51:36.454000,WAV/ASNE_/2004/09/2004-09-28-1751-36S.ASNE__008,  48.000,100,  4800,07,MV.MWHZ.--.SHZ,MV.MWHZ.--.SHZ,1,1.55,40.27,26.03
2004-09-29 13:40:52.308000,WAV/ASNE_/2004/09/2004-09-29-1340-52S.ASNE__008,  34.000,100,  3400,00,MV.MGHZ.--.SHZ,MV.MGHZ.--.SHZ,1,1.63,93.17,57.04
2004-09-29 13:40:52.308000,WAV/ASNE_/2004/09/2004-09-29-1340-52S.ASNE__008,  34.000,100,  3400,01,MV.MJHT.--.SHZ,MV.MJHT.--.SHZ,1,1.51,1279.32,846.14
2004-09-29 13:40:52.308000,WAV/ASNE_/2004/09/2004-09-29-1340-52S.ASNE__008,  34.000,100,  3400,02,MV.MLGT.--.SHZ,MV.MLGT.--.SHZ,1,2.59,244.84,94.52
2004-09-29 13:40:52.308000,WAV/ASNE_/2004/09/2004-09-29-1340-52S.ASNE__008,  34.000,100,  3400,03,MV.MLYT.--.SHZ,MV.MLYT.--.SHZ,1,2.04,81.57,40.05
2004-09-29 13:40:52.308000,WAV/ASNE_/2004/09/2004-09-29-1340-52S.ASNE__008,  34.000,100,  3400,04,MV.MRYT.--.SHZ,MV.MRYT.--.SHZ,1,1.29,2449.13,1896.90
2004-09-29 13:40:52.308000,WAV/ASNE_/2004/09/2004-09-29-1340-52S.ASNE__008,  34.000,100,  3400,05,MV.MWHE.--.SHE,MV.MWHE.--.SHE,1,2.53,20.60,8.14
2004-09-29 13:40:52.308000,WAV/ASNE_/2004/09/2004-09-29-1340-52S.ASNE__008,  34.000,100,  3400,06,MV.MWHN.--.SHN,MV.MWHN.--.SHN,1,2.01,420.78,209.49
2004-09-29 13:40:52.308000,WAV/ASNE_/2004/09/2004-09-29-1340-52S.ASNE__008,  34.000,100,  3400,07,MV.MWHZ.--.SHZ,MV.MWHZ.--.SHZ,1,2.05,42.46,20.74
2004-09-29 16:33:34.667000,WAV/ASNE_/2004/09/2004-09-29-1633-34S.ASNE__008,  43.000,100,  4300,00,MV.MGHZ.--.SHZ,MV.MGHZ.--.SHZ,1,1.83,199.25,108.95
2004-09-29 16:33:34.667000,WAV/ASNE_/2004/09/2004-09-29-1633-34S.ASNE__008,  43.000,100,  4300,01,MV.MJHT.--.SHZ,MV.MJHT.--.SHZ,1,1.67,958.49,575.34
2004-09-29 16:33:34.667000,WAV/ASNE_/2004/09/2004-09-29-1633-34S.ASNE__008,  43.000,100,  4300,02,MV.MLGT.--.SHZ,MV.MLGT.--.SHZ,1,3.76,237.51,63.13
2004-09-29 16:33:34.667000,WAV/ASNE_/2004/09/2004-09-29-1633-34S.ASNE__008,  43.000,100,  4300,03,MV.MLYT.--.SHZ,MV.MLYT.--.SHZ,1,1.98,224.67,113.74
2004-09-29 16:33:34.667000,WAV/ASNE_/2004/09/2004-09-29-1633-34S.ASNE__008,  43.000,100,  4300,04,MV.MRYT.--.SHZ,MV.MRYT.--.SHZ,1,1.22,2431.22,1987.88
2004-09-29 16:33:34.667000,WAV/ASNE_/2004/09/2004-09-29-1633-34S.ASNE__008,  43.000,100,  4300,05,MV.MWHE.--.SHE,MV.MWHE.--.SHE,1,1.72,17.78,10.31
2004-09-29 16:33:34.667000,WAV/ASNE_/2004/09/2004-09-29-1633-34S.ASNE__008,  43.000,100,  4300,06,MV.MWHN.--.SHN,MV.MWHN.--.SHN,1,2.49,445.98,179.13
2004-09-29 16:33:34.667000,WAV/ASNE_/2004/09/2004-09-29-1633-34S.ASNE__008,  43.000,100,  4300,07,MV.MWHZ.--.SHZ,MV.MWHZ.--.SHZ,1,2.53,89.30,35.30
2004-09-30 06:54:31.532000,WAV/ASNE_/2004/09/2004-09-30-0654-31S.ASNE__008,  48.000,100,  4800,00,MV.MGHZ.--.SHZ,MV.MGHZ.--.SHZ,1,1.30,176.17,135.77
2004-09-30 06:54:31.532000,WAV/ASNE_/2004/09/2004-09-30-0654-31S.ASNE__008,  48.000,100,  4800,01,MV.MJHT.--.SHZ,MV.MJHT.--.SHZ,1,1.67,1356.51,813.28
2004-09-30 06:54:31.532000,WAV/ASNE_/2004/09/2004-09-30-0654-31S.ASNE__008,  48.000,100,  4800,02,MV.MLGT.--.SHZ,MV.MLGT.--.SHZ,1,5.08,236.35,46.49
2004-09-30 06:54:31.532000,WAV/ASNE_/2004/09/2004-09-30-0654-31S.ASNE__008,  48.000,100,  4800,03,MV.MLYT.--.SHZ,MV.MLYT.--.SHZ,1,1.92,145.87,75.98
2004-09-30 06:54:31.532000,WAV/ASNE_/2004/09/2004-09-30-0654-31S.ASNE__008,  48.000,100,  4800,04,MV.MRYT.--.SHZ,MV.MRYT.--.SHZ,1,1.36,2508.34,1840.82
2004-09-30 06:54:31.532000,WAV/ASNE_/2004/09/2004-09-30-0654-31S.ASNE__008,  48.000,100,  4800,05,MV.MWHE.--.SHE,MV.MWHE.--.SHE,1,1.69,16.52,9.76
2004-09-30 06:54:31.532000,WAV/ASNE_/2004/09/2004-09-30-0654-31S.ASNE__008,  48.000,100,  4800,06,MV.MWHN.--.SHN,MV.MWHN.--.SHN,1,3.19,409.40,128.43
2004-09-30 06:54:31.532000,WAV/ASNE_/2004/09/2004-09-30-0654-31S.ASNE__008,  48.000,100,  4800,07,MV.MWHZ.--.SHZ,MV.MWHZ.--.SHZ,1,1.59,46.85,29.40
2004-09-30 09:35:07.079000,WAV/ASNE_/2004/09/2004-09-30-0935-07S.ASNE__008,  24.000,100,  2400,00,MV.MGHZ.--.SHZ,MV.MGHZ.--.SHZ,1,3.31,235.04,71.01
2004-09-30 09:35:07.079000,WAV/ASNE_/2004/09/2004-09-30-0935-07S.ASNE__008,  24.000,100,  2400,01,MV.MJHT.--.SHZ,MV.MJHT.--.SHZ,1,1.22,1023.22,838.88
2004-09-30 09:35:07.079000,WAV/ASNE_/2004/09/2004-09-30-0935-07S.ASNE__008,  24.000,100,  2400,02,MV.MLGT.--.SHZ,MV.MLGT.--.SHZ,1,1.83,236.78,129.04
2004-09-30 09:35:07.079000,WAV/ASNE_/2004/09/2004-09-30-0935-07S.ASNE__008,  24.000,100,  2400,03,MV.MLYT.--.SHZ,MV.MLYT.--.SHZ,1,4.29,242.84,56.60
2004-09-30 09:35:07.079000,WAV/ASNE_/2004/09/2004-09-30-0935-07S.ASNE__008,  24.000,100,  2400,04,MV.MRYT.--.SHZ,MV.MRYT.--.SHZ,1,1.28,2351.70,1843.50
2004-09-30 09:35:07.079000,WAV/ASNE_/2004/09/2004-09-30-0935-07S.ASNE__008,  24.000,100,  2400,05,MV.MWHE.--.SHE,MV.MWHE.--.SHE,1,2.31,20.15,8.71
2004-09-30 09:35:07.079000,WAV/ASNE_/2004/09/2004-09-30-0935-07S.ASNE__008,  24.000,100,  2400,06,MV.MWHN.--.SHN,MV.MWHN.--.SHN,1,2.18,404.28,185.62
2004-09-30 09:35:07.079000,WAV/ASNE_/2004/09/2004-09-30-0935-07S.ASNE__008,  24.000,100,  2400,07,MV.MWHZ.--.SHZ,MV.MWHZ.--.SHZ,1,3.32,138.83,41.78
